Nombre y Apellido,Educación,Tipo de Cuenta Bancaria,Situación Laboral,Inicio de Cuenta,Cantidad Ahorrado,Créditos
Sabas Salcedo Peña,Incompleto,Corriente,Dependiente,2020-03-27,2243188,4
Nayara Torrent Roda,Medio,Corriente,Dependiente,2019-07-10,5541037,2
Fortunata Manjón Duarte,Incompleto,Vista,Cesante,2019-08-31,3933309,1
Gloria del Asenjo,Medio,Vista,Dependiente,2021-09-18,11013512,4
América Ibarra Montaña,Incompleto,Corriente,Independiente,2019-06-20,6914441,2
Adelardo Quintero Vall,Incompleto,Corriente,Cesante,2021-07-24,766582,4
Esperanza Haydée Polo Ribas,Medio,Corriente,Independiente,2021-02-03,5626519,4
Alberto Camps Vazquez,Incompleto,Vista,Independiente,2021-12-09,13658462,2
Roque de Saavedra,Medio,Corriente,Dependiente,2019-08-30,2892872,1
Clemente Lladó Briones,Incompleto,Vista,Independiente,2020-01-10,10066229,2
Brígida Coca Nicolás,Medio,Vista,Independiente,2022-05-09,6997307,4
Heriberto Batlle-Pina,Medio,Ahorro,Independiente,2021-06-30,1073313,1
Albino Francisco Anglada,Incompleto,Ahorro,Cesante,2019-10-09,4059429,4
Nando Aarón Solera Carreño,Universitario,Corriente,Independiente,2021-06-13,11986208,2
Lucila Carnero Barriga,Universitario,Corriente,Independiente,2020-08-23,4150215,2
Santos Canales Cruz,Universitario,Corriente,Cesante,2019-12-11,1214135,3
Susana Peralta-Herrero,Medio,Corriente,Dependiente,2022-05-05,4901356,2
Reina de Torrecilla,Medio,Vista,Cesante,2020-05-24,13363825,3
Juan Pablo Moles-Sastre,Universitario,Corriente,Independiente,2023-04-16,8871149,1
Buenaventura Alcázar Neira,Medio,Ahorro,Independiente,2022-09-08,585196,3
Paulina Lago Acuña,Incompleto,Vista,Independiente,2020-11-25,3966781,4
Constanza Barón Pallarès,Medio,Ahorro,Dependiente,2023-08-23,3232897,4
Adalberto Miguel-Herrera,Incompleto,Ahorro,Cesante,2021-03-08,2182302,1
Maxi Sabater-Marin,Incompleto,Corriente,Cesante,2021-08-10,1788710,2
Cayetano Balaguer Montserrat,Universitario,Corriente,Cesante,2019-07-03,9836064,1
Eladio Aguiló,Universitario,Vista,Dependiente,2020-04-06,8086476,4
Vilma Pagès,Medio,Vista,Cesante,2023-09-12,10131596,3
María Dolores Olivé Bertrán,Incompleto,Ahorro,Independiente,2023-11-05,7156708,1
Trinidad Villena-Rueda,Incompleto,Corriente,Dependiente,2019-01-12,2787592,1
Sandalio Vázquez Maldonado,Medio,Corriente,Dependiente,2022-12-18,1770266,2
Eloy Sedano Caro,Medio,Corriente,Cesante,2023-04-04,8424076,3
Noa Ramirez Campo,Incompleto,Corriente,Cesante,2023-01-15,5423409,1
Lola Moll Suarez,Universitario,Corriente,Dependiente,2022-11-29,13300864,4
Clotilde Aguilar Bosch,Medio,Ahorro,Independiente,2022-01-20,2059666,4
Chucho Osorio,Incompleto,Vista,Independiente,2023-08-26,13072834,2
Marcio Castilla-Gimeno,Universitario,Vista,Cesante,2021-04-05,10961652,4
Primitivo Ripoll Roura,Incompleto,Ahorro,Independiente,2021-05-18,10178145,4
María José Bejarano Marqués,Incompleto,Vista,Cesante,2021-10-02,12032770,4
Trinidad Bautista Quintana,Incompleto,Ahorro,Cesante,2022-04-09,270513,4
Flavio Lillo,Universitario,Vista,Dependiente,2020-11-28,9268147,2
Ismael Fiol,Incompleto,Ahorro,Independiente,2020-08-09,8747326,3
Armando Haro,Incompleto,Ahorro,Dependiente,2022-05-26,7595782,2
Ciriaco Parra Moles,Incompleto,Corriente,Dependiente,2022-10-25,5970368,1
Dan Serrano-Coll,Universitario,Vista,Dependiente,2023-07-13,8544115,3
Mar del Seguí,Universitario,Corriente,Dependiente,2019-03-19,7201702,1
Herminia Pepita Ferreras Pizarro,Incompleto,Ahorro,Dependiente,2019-03-28,6604284,4
Cebrián del Escudero,Medio,Ahorro,Dependiente,2023-10-14,8861837,1
Eulalia Pallarès,Incompleto,Vista,Dependiente,2022-02-22,1649364,1
Juan Antonio Barragán Bravo,Incompleto,Corriente,Independiente,2019-08-12,350023,2
Amaro de Dueñas,Incompleto,Corriente,Cesante,2023-10-01,2953689,4
Encarnita de Pedrero,Universitario,Vista,Cesante,2020-09-17,6754910,4
Tiburcio Pujadas Ojeda,Incompleto,Corriente,Cesante,2019-04-02,6545744,1
Irma Arrieta Gallo,Medio,Ahorro,Dependiente,2019-01-20,12920241,2
Rita Madrigal,Incompleto,Vista,Independiente,2022-05-13,10705043,4
Valero Valencia Ortuño,Medio,Ahorro,Independiente,2019-06-23,6330035,3
Jordán de Gisbert,Medio,Corriente,Independiente,2023-12-04,7068571,4
Nayara Núñez-Cuervo,Universitario,Corriente,Cesante,2020-02-11,12966801,3
Nerea Urrutia Balaguer,Incompleto,Ahorro,Independiente,2020-10-26,11329430,3
Georgina Felicia Marí Lago,Incompleto,Corriente,Independiente,2023-10-19,8273118,1
Glauco del Campoy,Incompleto,Vista,Independiente,2021-12-31,2389043,4
Margarita Alcalde Navarrete,Incompleto,Vista,Independiente,2020-11-05,8857216,3
Natalia del Alegre,Incompleto,Vista,Cesante,2021-12-26,14652737,4
Elisa Duque Rodrigo,Medio,Vista,Cesante,2021-05-31,8810807,1
Curro Baró Vázquez,Medio,Corriente,Independiente,2020-06-23,11866434,4
Maximino Casado,Incompleto,Corriente,Independiente,2021-08-04,14956552,1
Ignacia Sales-Corbacho,Universitario,Corriente,Cesante,2020-03-23,1642402,2
Herminio Pelayo Vara,Incompleto,Vista,Independiente,2022-12-02,5403288,2
Cristóbal Vilalta Riba,Incompleto,Ahorro,Independiente,2021-08-02,2022735,2
Sandra Pi Asenjo,Incompleto,Vista,Cesante,2021-08-07,8851070,2
Haroldo Diego Alberto,Incompleto,Vista,Cesante,2021-11-29,304041,2
Manola Portero Sanjuan,Medio,Corriente,Independiente,2023-06-05,2778373,3
Octavio de Moya,Incompleto,Ahorro,Dependiente,2022-04-25,12867994,2
Elisa Iborra Pineda,Medio,Ahorro,Independiente,2021-08-10,1121386,4
Lucas de Coloma,Universitario,Vista,Independiente,2023-08-13,7130496,2
Tadeo del Mateo,Universitario,Ahorro,Dependiente,2021-12-10,4286921,4
Jenaro Abella Morell,Universitario,Corriente,Independiente,2022-12-11,6523143,2
Alejandro Santamaria,Medio,Ahorro,Dependiente,2019-06-25,3076603,1
Fátima Dávila Gras,Incompleto,Vista,Cesante,2023-12-27,12778550,4
Jovita Parejo-Aguiló,Incompleto,Corriente,Independiente,2023-04-19,14789401,3
Florinda Rocío Zorrilla Caparrós,Incompleto,Vista,Dependiente,2019-02-24,11720886,4
Fabricio Naranjo Rodrigo,Medio,Corriente,Independiente,2019-10-07,1369705,4
Tristán Manzano,Medio,Vista,Cesante,2020-08-13,13901830,1
Ainara Jove Quirós,Universitario,Corriente,Cesante,2023-02-22,13707920,1
Custodio de Gallo,Medio,Corriente,Dependiente,2021-10-22,10969848,2
Ani Dominguez,Universitario,Vista,Independiente,2022-07-24,12975572,4
Juan Antonio Toro,Incompleto,Corriente,Dependiente,2021-02-18,1848853,2
Benita del Codina,Medio,Ahorro,Dependiente,2021-11-19,6151449,3
Jose Angel Bautista Macias,Incompleto,Corriente,Cesante,2020-08-01,296173,4
Cipriano Torre Lopez,Incompleto,Vista,Dependiente,2021-10-09,4717591,2
Juanita Zaragoza Badía,Medio,Corriente,Independiente,2022-03-20,11214871,1
Eustaquio Fabregat,Medio,Vista,Dependiente,2021-06-08,562626,2
Máximo Casas Pozuelo,Incompleto,Ahorro,Dependiente,2021-02-20,11502002,2
Bienvenida Daniela Prado Patiño,Universitario,Corriente,Dependiente,2023-09-15,9186976,4
Itziar Sacristán-Carrillo,Universitario,Corriente,Independiente,2022-12-27,2524678,1
Arturo Toledo Tejero,Incompleto,Ahorro,Dependiente,2020-11-22,5722220,1
Concepción Martina Morán Castelló,Universitario,Corriente,Cesante,2020-06-04,14962948,3
Pastora Gordillo,Universitario,Corriente,Dependiente,2022-05-27,12272564,3
Diana Angulo-Camacho,Universitario,Ahorro,Cesante,2020-12-07,11883785,3
Micaela Sandra Borrego Barón,Medio,Corriente,Independiente,2022-09-13,6349902,4
Fulgencio Calderon Parra,Incompleto,Vista,Independiente,2020-12-11,4701410,3
Abel de Coello,Universitario,Corriente,Cesante,2021-02-26,13026573,2
Agapito Machado Lamas,Medio,Corriente,Dependiente,2021-12-17,9869564,3
Nicolás Arteaga,Incompleto,Ahorro,Dependiente,2020-08-29,3953290,1
Lourdes Pascuala Pou Torralba,Medio,Ahorro,Cesante,2021-02-24,2489304,4
Benjamín Nadal Cortina,Incompleto,Corriente,Independiente,2022-08-16,3171007,4
Jesusa Roma Montesinos,Incompleto,Corriente,Cesante,2021-07-04,8003699,1
Che Lillo,Universitario,Corriente,Dependiente,2020-10-13,10859223,4
Carmen Catalá,Medio,Corriente,Cesante,2019-07-27,13732998,3
Eugenia Nieto Heredia,Incompleto,Ahorro,Dependiente,2020-07-02,8306800,1
Visitación Guerrero,Medio,Corriente,Dependiente,2022-10-03,741515,1
Íñigo Guillén Fernández,Incompleto,Corriente,Dependiente,2023-12-12,10901752,1
Eva Manso,Incompleto,Vista,Dependiente,2021-08-18,6882906,1
Trinidad Beltrán Sotelo,Universitario,Vista,Independiente,2019-01-06,12421676,1
Chus Alsina Alcolea,Universitario,Vista,Independiente,2022-12-21,14907043,2
Benito Paz,Universitario,Ahorro,Independiente,2021-05-28,3955952,3
Maricela Fernandez Marquez,Incompleto,Vista,Independiente,2020-07-04,14944256,3
Seve Delgado,Incompleto,Ahorro,Dependiente,2020-10-13,12202871,3
Darío del Castejón,Universitario,Vista,Independiente,2022-05-03,8008915,4
Reyes Daza Alonso,Medio,Vista,Cesante,2021-12-17,14619077,2
Oriana Pedrero,Incompleto,Corriente,Cesante,2023-11-06,7050592,4
Candelas Miriam Gallart Montesinos,Incompleto,Vista,Independiente,2019-03-28,4225669,3
Ambrosio Cifuentes-Sanz,Medio,Corriente,Cesante,2020-01-13,1582899,3
Onofre Cornejo Ferrández,Universitario,Corriente,Dependiente,2019-05-31,10055080,2
Manuelita Arcelia Portero Ros,Medio,Corriente,Dependiente,2023-07-31,9132131,2
Telmo Flores-Marín,Incompleto,Vista,Dependiente,2020-03-17,12609644,1
Lourdes Ruiz Sandoval,Incompleto,Ahorro,Independiente,2019-09-01,9691690,4
Carlos Bustamante Gutiérrez,Universitario,Corriente,Dependiente,2021-03-26,4414257,3
Bárbara Calista Manjón Vigil,Medio,Corriente,Independiente,2023-01-02,11371368,3
Mario Merino,Universitario,Corriente,Dependiente,2021-10-04,14249184,4
Ángela de Jimenez,Medio,Corriente,Independiente,2019-06-30,12081743,4
Candelaria Jerez Colomer,Incompleto,Vista,Cesante,2019-05-01,13664775,4
Gregorio Roman,Universitario,Ahorro,Independiente,2020-10-07,10973455,4
Plinio de Montaña,Medio,Corriente,Independiente,2022-05-25,2210926,1
Andrés Colomer Adán,Incompleto,Ahorro,Dependiente,2021-06-25,6974342,4
Amado Castilla Sarabia,Universitario,Vista,Independiente,2019-11-21,1529189,4
Paz Cabañas Yáñez,Medio,Corriente,Cesante,2019-08-29,840664,4
Anacleto Sánchez Asenjo,Medio,Ahorro,Independiente,2021-02-23,2104099,2
Efraín Olmedo Berrocal,Incompleto,Vista,Dependiente,2022-05-05,14063549,2
Reyes Viana Alberdi,Incompleto,Ahorro,Dependiente,2022-09-02,8267432,2
Perlita Lago Martín,Medio,Corriente,Cesante,2020-12-20,10494550,4
Anselma Bonet Redondo,Universitario,Vista,Cesante,2023-03-26,913032,2
Chelo Arellano,Incompleto,Vista,Dependiente,2021-02-14,1586998,3
Federico Cueto Álamo,Universitario,Vista,Dependiente,2019-09-19,11100980,3
José María Rosa Soriano,Medio,Corriente,Independiente,2020-10-14,11311481,2
Maricruz Grande-Figueras,Medio,Vista,Independiente,2023-04-17,14811613,4
Amor Quintana Posada,Incompleto,Ahorro,Independiente,2023-10-14,3523402,3
Aitor Gabino Sobrino Cervera,Incompleto,Vista,Independiente,2019-03-12,14462071,1
Evita Rojas Ojeda,Universitario,Corriente,Dependiente,2023-02-26,2132729,2
Abraham del Varela,Incompleto,Vista,Cesante,2021-08-03,8966022,3
Maxi Mendizábal Bustos,Incompleto,Ahorro,Independiente,2022-09-19,6362605,3
Pili Espinosa Palau,Incompleto,Ahorro,Cesante,2022-07-03,2879097,1
Armando Capdevila Pereira,Incompleto,Ahorro,Independiente,2023-10-01,2980838,4
Isaac Hervás Balaguer,Universitario,Corriente,Independiente,2019-10-10,5646777,1
Ana Belén Cases,Medio,Vista,Cesante,2020-11-11,14747773,2
Yaiza Escudero Aramburu,Medio,Ahorro,Dependiente,2019-07-09,13011193,4
Samuel Segura Guillén,Incompleto,Vista,Dependiente,2021-08-04,7730971,2
Adoración del Alfonso,Medio,Corriente,Dependiente,2021-04-17,5073080,3
Yaiza Alsina Castellanos,Incompleto,Ahorro,Cesante,2023-11-17,10117373,3
José Hurtado Carnero,Medio,Corriente,Independiente,2023-04-30,2145411,3
Eusebio Matas Olmedo,Universitario,Vista,Dependiente,2020-07-24,10178335,3
Norberto Tejedor Arnaiz,Universitario,Ahorro,Dependiente,2022-05-12,10439626,4
Flavia Águila Rosell,Incompleto,Vista,Independiente,2019-05-03,740173,1
Luisa Bayón-Abad,Medio,Ahorro,Cesante,2020-05-31,1331697,3
Ale Company,Universitario,Ahorro,Dependiente,2019-12-06,12137921,3
Goyo Otero Anaya,Incompleto,Ahorro,Independiente,2022-07-18,3521783,3
Florentino Lopez Galvez,Incompleto,Ahorro,Cesante,2023-10-22,8301645,3
Teo Vega Cantón,Incompleto,Vista,Cesante,2019-08-04,1137823,3
Ani Llopis Garmendia,Incompleto,Corriente,Independiente,2020-01-29,3720451,3
Elena Paola Arce Garcia,Incompleto,Corriente,Cesante,2023-09-09,8940392,4
Priscila Córdoba-Guillen,Incompleto,Corriente,Cesante,2020-09-20,14512266,2
Fidela Jordá,Universitario,Vista,Dependiente,2023-05-15,4745730,4
Julián Gelabert Alvarado,Universitario,Ahorro,Cesante,2020-03-05,4415034,2
Amparo Adelaida Vall Ferrándiz,Incompleto,Corriente,Independiente,2021-06-04,10262804,2
Clímaco Peralta Ariño,Medio,Corriente,Independiente,2023-07-02,8720555,4
Alejandro Benavente Abella,Medio,Ahorro,Dependiente,2019-10-03,1853612,2
Benigna del Campos,Universitario,Vista,Dependiente,2021-04-26,5483184,1
José Manuel Priego Rios,Incompleto,Ahorro,Dependiente,2022-11-16,7883112,1
Carmelo Duarte-Galván,Universitario,Corriente,Independiente,2020-08-29,11033790,4
Brígida Barranco Sedano,Incompleto,Vista,Dependiente,2021-04-20,4677754,2
Nereida Company Montesinos,Incompleto,Corriente,Dependiente,2023-05-14,14449675,4
Adela Fabiola Martín Sanchez,Incompleto,Corriente,Independiente,2020-10-28,14506962,4
Marita Sosa Farré,Incompleto,Vista,Independiente,2023-11-23,4801717,1
Felipe Bravo Vilar,Incompleto,Ahorro,Dependiente,2022-05-27,13800890,4
Alexandra Tena-Ávila,Medio,Corriente,Independiente,2021-07-08,6079562,4
Evaristo Caballero Fuente,Universitario,Vista,Dependiente,2021-12-16,14860198,4
Bruno Alemán,Universitario,Corriente,Dependiente,2022-09-30,4032357,2
Elisa Díaz Fortuny,Universitario,Ahorro,Dependiente,2022-04-18,13909765,3
René Hipólito Palomar Hurtado,Incompleto,Corriente,Independiente,2022-04-11,3830556,3
Bienvenida del Galán,Incompleto,Corriente,Dependiente,2022-05-25,13555607,4
Simón Sanmartín Toledo,Universitario,Vista,Cesante,2022-10-25,1934545,3
Joaquín Mulet Fabregat,Medio,Vista,Independiente,2020-07-02,840924,3
Mar Solsona,Universitario,Corriente,Dependiente,2023-05-09,9643163,2
Tamara Albina Ojeda Colom,Incompleto,Corriente,Independiente,2019-12-24,6256837,4
Balduino Ortuño,Medio,Ahorro,Independiente,2023-02-02,12957913,3
Desiderio Acuña Plaza,Incompleto,Vista,Cesante,2021-01-26,2132388,1
Rosendo Leocadio Arribas Balaguer,Incompleto,Corriente,Cesante,2021-05-02,10190229,3
Bárbara Carnero Almansa,Medio,Ahorro,Independiente,2019-12-25,11542373,2
Sara Solana Roldan,Incompleto,Ahorro,Cesante,2023-10-10,7367888,1
Claudia de Pelayo,Medio,Vista,Cesante,2023-03-16,13297619,1
Fernando Pomares Tomás,Medio,Vista,Independiente,2019-11-24,14987284,2
María Carballo,Medio,Ahorro,Dependiente,2023-06-03,772298,1
Eva María Juárez Silva,Medio,Ahorro,Independiente,2021-01-20,14629726,4
Gaspar Chacón Múgica,Medio,Corriente,Cesante,2020-12-23,12115785,2
Nélida del Aguirre,Incompleto,Ahorro,Cesante,2020-12-08,11382243,3
Octavia Sánchez Anaya,Medio,Vista,Dependiente,2023-06-29,1874483,2
Noa de Solana,Universitario,Corriente,Dependiente,2022-09-30,3392594,2
Valero de Gaya,Medio,Ahorro,Dependiente,2022-04-12,7097317,4
Feliciano Martin Lasa,Universitario,Ahorro,Dependiente,2023-08-30,13768709,2
Nereida Sarmiento,Medio,Ahorro,Dependiente,2019-10-31,1120294,3
Eloísa Morcillo Cerezo,Universitario,Ahorro,Cesante,2019-07-05,1203079,1
Édgar Patiño Rosselló,Incompleto,Corriente,Cesante,2021-06-28,11249941,2
Poncio Casanova-Vila,Incompleto,Ahorro,Dependiente,2022-07-29,14903001,4
Adalberto Cervera Milla,Universitario,Ahorro,Dependiente,2021-04-19,3877211,2
Rodolfo Alemany Cuervo,Medio,Ahorro,Independiente,2020-03-06,5610930,3
Catalina Tirado,Medio,Ahorro,Cesante,2019-06-29,1058358,2
Encarnacion Robles Sanmartín,Medio,Vista,Dependiente,2020-05-27,7126939,1
Mercedes Olalla Oller Gonzalo,Universitario,Corriente,Dependiente,2021-01-03,12788146,3
Geraldo Córdoba-Alegre,Incompleto,Vista,Independiente,2021-09-30,8200228,3
Bautista de Villaverde,Universitario,Ahorro,Dependiente,2020-06-21,7183399,1
Cloe Saura-Blanes,Universitario,Ahorro,Dependiente,2022-06-01,13427290,3
Gloria de Ureña,Incompleto,Corriente,Dependiente,2023-12-03,3373854,1
Eusebio Iñiguez,Universitario,Ahorro,Independiente,2021-10-27,778454,3
Tania Casanova Rosa,Incompleto,Ahorro,Independiente,2020-05-30,5545706,1
Severo Clemente-Lerma,Incompleto,Vista,Dependiente,2020-03-16,8288408,3
Nicanor de Salvà,Medio,Vista,Dependiente,2021-06-15,6756553,3
Omar de Villaverde,Universitario,Corriente,Cesante,2023-09-30,13986750,3
Daniel Caballero-Márquez,Incompleto,Ahorro,Cesante,2021-07-21,4722872,4
Custodia Santana Páez,Universitario,Vista,Dependiente,2023-08-03,9300551,3
Sancho Bartolomé Expósito Calvo,Incompleto,Ahorro,Independiente,2022-07-28,9828304,3
Marta Agustín Corominas,Medio,Corriente,Cesante,2022-01-13,4217545,1
Marcos Jose Francisco Figuerola Sánchez,Medio,Ahorro,Dependiente,2023-01-28,6057339,4
Corona Arias,Medio,Ahorro,Cesante,2022-11-16,7227002,2
Gertrudis Villalonga-Gabaldón,Universitario,Vista,Cesante,2022-11-03,4623149,4
Chucho Gual,Universitario,Vista,Dependiente,2020-06-10,8054417,1
Tristán Gimenez Gallart,Incompleto,Vista,Independiente,2019-11-22,14364112,4
Sabina Mármol-Bárcena,Universitario,Corriente,Dependiente,2022-09-19,5134215,2
Anita Arenas Arranz,Universitario,Ahorro,Independiente,2019-12-28,10802149,4
Ignacio Nadal Trujillo,Incompleto,Corriente,Independiente,2019-12-28,10575785,4
Rosenda Arnaiz Peinado,Medio,Ahorro,Independiente,2021-11-05,8982603,3
Mario Ariza Ropero,Medio,Vista,Dependiente,2021-02-01,1413415,1
Anastasia Pont,Universitario,Corriente,Cesante,2023-07-22,6667989,4
Eusebia Cuesta,Universitario,Corriente,Dependiente,2019-12-09,13840841,1
Lázaro Beltran,Universitario,Corriente,Dependiente,2021-04-14,2582470,3
Evelia Julián,Incompleto,Ahorro,Cesante,2020-02-04,1994098,2
Carlito Ugarte Cañizares,Universitario,Corriente,Independiente,2021-03-03,9508842,4
Jose Carlos Esteban,Incompleto,Ahorro,Cesante,2022-08-18,14336030,3
Wilfredo Carmona Tur,Universitario,Ahorro,Dependiente,2023-06-07,7509180,2
Ruth Agustí-Soto,Incompleto,Vista,Dependiente,2021-09-23,14470175,2
Eulalia Perera Carreño,Incompleto,Corriente,Cesante,2021-10-24,1854215,4
Agustina Mayoral Exposito,Medio,Corriente,Cesante,2020-02-06,9107665,1
Adoración Maricela Monreal Figueroa,Medio,Corriente,Cesante,2019-10-22,6568587,4
Azahar Peinado Calatayud,Incompleto,Ahorro,Independiente,2023-04-03,1542187,4
Evaristo Leal-Marin,Incompleto,Ahorro,Cesante,2022-11-18,5951185,3
Etelvina del Anaya,Universitario,Vista,Independiente,2021-11-21,5222660,2
Armando Álvarez Caparrós,Incompleto,Vista,Independiente,2019-01-23,3431722,4
Domitila Niño Alsina,Incompleto,Corriente,Cesante,2021-01-27,6196298,2
Marcelino Agudo Cuéllar,Incompleto,Corriente,Cesante,2020-02-25,6615652,4
Trinidad Cámara Sáez,Universitario,Vista,Cesante,2019-01-09,8061907,3
Andrés de Mesa,Medio,Corriente,Independiente,2023-04-12,1691064,2
Alcides Sastre Pardo,Medio,Ahorro,Cesante,2021-03-28,5236667,3
Emilia Ballesteros-Busquets,Incompleto,Vista,Dependiente,2020-12-10,14631042,3
Tomasa Carrillo Baños,Incompleto,Vista,Dependiente,2019-01-03,2882314,3
Candelas Salinas Company,Universitario,Vista,Dependiente,2021-03-31,11744809,1
Prudencio Paredes,Medio,Corriente,Cesante,2021-02-20,3760017,1
Irene Corominas-Moraleda,Medio,Vista,Dependiente,2020-09-07,3621645,3
Cosme Requena Aragón,Universitario,Corriente,Independiente,2022-07-21,13745638,3
Mateo Nicolás Arteaga,Incompleto,Vista,Dependiente,2019-06-07,11196536,3
Maximiano Edelmiro Montenegro Daza,Medio,Ahorro,Independiente,2021-09-01,1858282,4
Cleto Amaya Mayo,Universitario,Vista,Cesante,2023-01-19,8981167,1
Eugenia Ríos,Incompleto,Corriente,Cesante,2021-10-25,13478652,4
Celia Alcaraz-Bonet,Medio,Vista,Dependiente,2021-10-20,14958238,1
Marianela Francisco Luque,Medio,Ahorro,Cesante,2019-07-28,12638505,2
Luciana Maribel Almazán Carballo,Universitario,Corriente,Independiente,2022-09-02,1925407,4
Luisa Verdugo Quintero,Medio,Corriente,Cesante,2020-03-08,9836348,4
Lidia Pastora Rozas Higueras,Incompleto,Ahorro,Independiente,2022-05-13,14357896,4
Emilio Toribio Acevedo Perea,Medio,Vista,Cesante,2019-08-18,10973883,4
Francisca Hidalgo Malo,Incompleto,Vista,Independiente,2020-02-29,4434373,1
Reyna Cantón Blasco,Medio,Corriente,Independiente,2023-12-01,774145,1
Íñigo de Benavides,Medio,Ahorro,Independiente,2019-08-04,8594966,1
Evaristo Leiva Bravo,Incompleto,Ahorro,Cesante,2023-06-01,5266300,3
Agustina Somoza Castelló,Incompleto,Ahorro,Dependiente,2019-09-08,14213688,1
Graciano Soto Benito,Medio,Corriente,Independiente,2022-01-18,4898037,3
Nazaret Ortuño,Universitario,Vista,Cesante,2022-10-26,5992490,2
Abel Ibañez Alcalá,Universitario,Ahorro,Dependiente,2019-07-22,427239,1
Pepita Rosa María Cortés Borrás,Medio,Vista,Dependiente,2019-01-19,13559289,4
Hilda Soledad Caparrós Navarrete,Incompleto,Ahorro,Cesante,2021-01-12,2359855,1
Áurea Sacristán Luna,Universitario,Vista,Dependiente,2021-03-13,8846787,1
Cintia Escalona-Ruiz,Universitario,Ahorro,Cesante,2021-02-24,14735945,1
Amparo Colomer Pons,Incompleto,Ahorro,Cesante,2021-07-19,6385885,4
Pascual Pomares Solana,Incompleto,Ahorro,Dependiente,2019-03-16,10940312,2
Victoria Gomila,Incompleto,Corriente,Dependiente,2020-06-06,8428939,2
Nidia Zabala-Riquelme,Universitario,Vista,Dependiente,2022-05-02,522596,2
Hector Alfonso,Universitario,Ahorro,Independiente,2022-02-02,12790812,1
Gracia Filomena Pou Machado,Medio,Vista,Dependiente,2020-07-04,9093320,3
Horacio Rovira,Incompleto,Vista,Cesante,2021-02-04,7199092,1
Aura del Paredes,Medio,Ahorro,Dependiente,2019-06-13,7278939,1
Sergio Ribas Amigó,Universitario,Corriente,Dependiente,2020-05-28,6219998,4
Brígida Aguado Torrecilla,Universitario,Vista,Cesante,2022-01-01,11941359,1
Basilio Espinosa-Durán,Incompleto,Vista,Independiente,2021-08-19,2683215,2
Celia Casals Gámez,Medio,Vista,Cesante,2020-04-18,14057466,1
Leocadia Ayala Peral,Medio,Vista,Independiente,2020-07-24,329246,1
Susana Ros Falcó,Medio,Ahorro,Dependiente,2021-01-11,11287958,1
Herberto Vicente Lago Martínez,Medio,Ahorro,Cesante,2022-01-04,12760524,1
Rosalía Anaya,Medio,Vista,Independiente,2021-11-28,5005250,4
Albano del Franco,Medio,Ahorro,Dependiente,2022-11-27,4762521,4
Saturnino Cózar-Córdoba,Universitario,Ahorro,Dependiente,2019-05-04,4260181,1
Fermín Serna Batalla,Incompleto,Corriente,Dependiente,2023-01-27,6060586,3
Edelmiro Escrivá Campoy,Incompleto,Corriente,Dependiente,2020-10-30,11540140,3
Teresita Perez Vilaplana,Universitario,Vista,Dependiente,2019-10-19,6215601,1
Aureliano Ferrera Bermúdez,Universitario,Ahorro,Cesante,2023-04-11,2096040,3
Guadalupe España Manuel,Medio,Vista,Independiente,2023-03-11,12598315,3
Rufina Cuenca Tomás,Medio,Vista,Independiente,2023-07-09,6282407,3
Mar Azorin,Incompleto,Ahorro,Dependiente,2020-08-27,5012042,3
Candela Coello Costa,Incompleto,Vista,Dependiente,2022-06-25,3404776,3
Inés del Martín,Universitario,Ahorro,Independiente,2022-11-15,2986971,1
Nazaret Morera Burgos,Incompleto,Ahorro,Dependiente,2023-01-16,14902097,2
Perla Hierro Ávila,Medio,Corriente,Independiente,2021-03-30,13042080,3
María Lozano Pombo,Incompleto,Vista,Dependiente,2020-08-16,5751298,2
Marciano Varela Calderon,Medio,Vista,Dependiente,2022-09-23,13048603,4
Jenaro Gallart Bilbao,Universitario,Ahorro,Independiente,2023-04-04,14367638,2
Marina Iris Alcolea Cerezo,Medio,Vista,Independiente,2021-04-22,4951612,2
Noemí Belmonte Vall,Universitario,Corriente,Cesante,2020-12-03,10475687,3
Gustavo Crespi Gimeno,Medio,Corriente,Dependiente,2023-04-25,3897380,2
Lourdes Fortunata Peral Falcón,Medio,Vista,Independiente,2019-12-03,3688360,3
Paola Tenorio Fuentes,Incompleto,Vista,Dependiente,2023-02-19,6288930,1
Brígida del Alegria,Incompleto,Ahorro,Dependiente,2019-09-11,1922408,4
Maite Barón,Universitario,Corriente,Cesante,2022-03-16,7435709,2
Albert de Casanova,Universitario,Vista,Independiente,2021-05-29,13807065,4
Angelita Granados Hoyos,Universitario,Vista,Independiente,2019-01-09,9422806,2
Eligia Bueno Font,Universitario,Vista,Dependiente,2021-02-25,4137122,4
Felipa del Carrión,Incompleto,Corriente,Independiente,2022-06-18,3223827,3
Lupe Soria Pont,Medio,Ahorro,Independiente,2020-11-19,10361380,4
Lara Narváez Garcés,Universitario,Vista,Independiente,2023-08-02,4658873,2
Mirta Benítez Marquez,Universitario,Ahorro,Cesante,2021-05-17,6564403,1
José Manuel Bellido,Incompleto,Vista,Dependiente,2022-02-15,9227545,4
Felix Jurado Aguirre,Universitario,Corriente,Dependiente,2021-12-11,1731026,4
Begoña Anastasia Baquero Briones,Incompleto,Ahorro,Independiente,2023-10-20,5231013,1
Irma de Ferrán,Medio,Ahorro,Cesante,2023-07-14,5226252,1
Baldomero Andrés Felipe Vives Escamilla,Universitario,Ahorro,Cesante,2021-01-02,3185678,3
Socorro Tejada Roma,Medio,Corriente,Dependiente,2022-05-09,2060915,1
Sandalio Nicanor Alonso Diéguez,Universitario,Corriente,Dependiente,2020-01-18,9479275,4
Clímaco Anguita,Incompleto,Corriente,Independiente,2023-09-20,793925,3
Brígida de Sanmartín,Universitario,Ahorro,Dependiente,2023-12-24,2356417,2
Lucila Reguera-Dalmau,Universitario,Vista,Cesante,2022-03-28,7167140,1
Custodia Ferrero,Incompleto,Ahorro,Cesante,2022-02-01,9279018,3
Luciana Torrecilla,Medio,Vista,Dependiente,2019-10-13,6538916,1
Casandra Selena Naranjo Osuna,Incompleto,Ahorro,Cesante,2019-01-05,9565672,4
Xiomara Lobo Arranz,Universitario,Ahorro,Dependiente,2022-04-30,14892935,3
Nazaret Verdú,Universitario,Ahorro,Cesante,2023-04-20,6216008,4
Candelario Heras Cañellas,Medio,Vista,Cesante,2021-06-30,10408096,1
Pascual de Puig,Universitario,Vista,Independiente,2022-01-27,6201827,4
Jose Manuel Aguado Izaguirre,Universitario,Vista,Dependiente,2022-04-06,13860971,3
Anita Garmendia,Medio,Vista,Dependiente,2021-07-26,344123,3
Prudencia Abril,Incompleto,Ahorro,Dependiente,2019-08-24,285504,3
Micaela Pablo Maldonado,Medio,Vista,Dependiente,2021-08-29,12298106,1
Omar Rosales Almazán,Incompleto,Vista,Independiente,2021-12-31,10700642,4
Adelardo Samper-Mosquera,Universitario,Vista,Independiente,2023-03-21,12359677,2
Francisco Bayo-Esparza,Medio,Ahorro,Independiente,2020-07-10,9945570,4
Pío León Doménech,Medio,Corriente,Independiente,2023-01-15,8423576,1
Concha Eulalia Cabello Fuente,Universitario,Vista,Cesante,2021-02-26,10141404,3
Álvaro Nico Olivé Sales,Medio,Corriente,Dependiente,2023-02-28,9029399,2
Toño Sarmiento Quintero,Universitario,Vista,Independiente,2023-01-19,14982975,4
Ainoa Posada,Universitario,Vista,Cesante,2021-01-08,2745140,4
Jenaro Osorio Arce,Universitario,Vista,Independiente,2019-07-17,14071819,1
Jafet Carrasco Leiva,Universitario,Vista,Dependiente,2020-03-10,9482499,3
Manolo Rincón Nieto,Medio,Corriente,Independiente,2021-02-26,9059190,4
Reyna Mónica Izquierdo Guillén,Medio,Ahorro,Cesante,2023-09-29,10105398,1
Angélica Fuster Plaza,Medio,Ahorro,Dependiente,2022-03-01,6359046,2
Tere Heras Santamaria,Medio,Corriente,Dependiente,2021-10-27,3421057,3
América Jódar-Jover,Medio,Vista,Independiente,2023-03-05,8991742,1
Cesar Antúnez Boada,Universitario,Ahorro,Independiente,2021-09-13,10226775,1
Eusebio Valero Garrido Amaya,Universitario,Vista,Cesante,2020-08-14,4278681,3
Sofía Neira,Universitario,Vista,Independiente,2020-11-30,6258618,3
Mario Duque-Larrañaga,Medio,Ahorro,Cesante,2022-06-18,13552143,2
Iván del Ballesteros,Medio,Vista,Cesante,2022-03-23,6836949,1
Sandalio de Ocaña,Incompleto,Vista,Cesante,2019-03-28,13097159,3
Fátima Eva Mínguez Feijoo,Universitario,Vista,Independiente,2021-06-03,1510074,1
Lalo Carbajo Roda,Universitario,Corriente,Dependiente,2023-04-04,1264667,1
Cebrián Toledo Fernández,Incompleto,Vista,Independiente,2020-07-26,4584340,3
Glauco Quiroga Orozco,Medio,Corriente,Independiente,2019-12-15,3874479,3
Loida de Gibert,Medio,Corriente,Cesante,2020-07-07,30841,4
Sebastian Amador Morera,Medio,Corriente,Dependiente,2020-08-02,1907535,2
Lázaro Farré Palmer,Incompleto,Corriente,Independiente,2021-07-06,6487649,2
Jenaro Casal-Rocamora,Universitario,Ahorro,Dependiente,2020-03-15,4417833,2
Juan Gilberto Verdugo Amo,Universitario,Corriente,Dependiente,2023-10-22,6237852,4
Saturnino Portero Paniagua,Universitario,Corriente,Dependiente,2019-07-06,413988,2
Blas Campo Andreu,Medio,Ahorro,Cesante,2021-10-28,13669604,2
Caridad Isabela Pujol Tur,Medio,Corriente,Cesante,2021-03-03,12924927,4
Florina Robledo-Zabala,Incompleto,Vista,Cesante,2021-03-15,5112868,2
Desiderio Carlos,Medio,Vista,Independiente,2019-10-12,1812895,1
Segismundo Coca Carpio,Incompleto,Ahorro,Cesante,2022-04-05,11318380,2
Octavia Pablo Pedro,Incompleto,Vista,Independiente,2019-11-08,9539503,1
Wilfredo Cabello Cerezo,Medio,Vista,Cesante,2019-10-23,12262233,1
Valerio Pablo Rivera Diaz,Universitario,Ahorro,Cesante,2019-09-16,1207080,4
María Manuela Manrique Correa,Incompleto,Vista,Cesante,2023-02-17,11220286,2
Heriberto Guiomar Espejo Saavedra,Incompleto,Vista,Dependiente,2021-11-05,11004522,4
Leticia Lupe Morell Ros,Universitario,Corriente,Dependiente,2023-12-27,12712352,1
Alfredo Losa Pombo,Medio,Ahorro,Cesante,2021-11-14,6554792,4
Camilo Vidal Galiano,Incompleto,Corriente,Cesante,2022-11-06,14917054,1
Remigio Carpio,Medio,Corriente,Cesante,2021-11-12,2908578,3
Mohamed Figuerola Pol,Incompleto,Vista,Dependiente,2020-05-19,738464,4
Débora Carretero Jerez,Medio,Vista,Dependiente,2023-01-19,10392131,3
Jafet Peral-González,Medio,Vista,Independiente,2019-09-29,1836798,2
Soledad Noriega Téllez,Medio,Ahorro,Dependiente,2021-03-13,5138884,2
Ale Roldan-Cuenca,Universitario,Vista,Dependiente,2020-03-17,9443964,3
Maximiliano Peñalver Botella,Incompleto,Vista,Independiente,2020-05-11,6319568,3
Elodia Santana Luque,Universitario,Ahorro,Dependiente,2022-02-12,13794116,1
Jose Miguel Múgica Castrillo,Universitario,Ahorro,Independiente,2019-03-15,5497958,4
Rosalía Vicente,Incompleto,Ahorro,Independiente,2022-03-27,14284092,3
Manuel Pardo-Perera,Medio,Vista,Dependiente,2019-12-05,10433289,1
Brunilda Camino Taboada,Incompleto,Ahorro,Cesante,2019-06-19,7976950,1
Nieves Jódar Quintanilla,Medio,Vista,Independiente,2021-06-03,640827,4
Lorenza Alvarado,Incompleto,Corriente,Independiente,2020-01-23,2560078,2
Noemí Toledo-Malo,Incompleto,Corriente,Dependiente,2023-06-21,8753819,1
Rosalinda Barco Alegria,Incompleto,Corriente,Independiente,2022-04-24,6505571,4
Valentín Galiano Comas,Universitario,Corriente,Cesante,2023-02-26,9338675,3
Domitila Olmo Tejera,Medio,Vista,Dependiente,2023-09-12,1804161,4
Pelayo de Arenas,Universitario,Corriente,Cesante,2020-01-15,13328498,4
Moreno Barco-Toledo,Universitario,Corriente,Cesante,2022-10-31,4170735,2
Zacarías Feijoo Dominguez,Incompleto,Vista,Dependiente,2022-07-19,3298743,2
María Pilar Puente Naranjo,Universitario,Vista,Independiente,2023-11-23,14533887,4
Eugenia Jacinta Palomo Nevado,Incompleto,Vista,Dependiente,2022-03-01,11201161,1
Gerardo Heras Manzanares,Medio,Ahorro,Independiente,2023-10-24,8067131,3
Ani Iglesia Cañas,Universitario,Corriente,Independiente,2021-04-02,14043559,4
Jenaro Becerra,Universitario,Vista,Independiente,2022-03-01,6132720,3
Geraldo Blazquez Tamayo,Medio,Vista,Independiente,2022-12-28,3291709,4
Melchor Aznar Ballesteros,Universitario,Vista,Cesante,2019-01-29,12300894,2
Jose Angel Cuesta Acero,Universitario,Vista,Independiente,2019-08-11,2918120,2
Toni Padilla,Universitario,Vista,Independiente,2020-04-10,9198984,4
Luis Vicente Jordá Soriano,Incompleto,Vista,Cesante,2020-09-27,3895105,2
Luciano Carmona Aller,Incompleto,Vista,Dependiente,2023-10-11,1163382,4
Joan Sacristán Galiano,Incompleto,Ahorro,Dependiente,2021-01-11,11386097,2
Mayte Ferrán Tomas,Universitario,Corriente,Dependiente,2022-09-21,12707873,4
Dominga Castellanos Castejón,Medio,Vista,Independiente,2022-09-17,12833915,2
Esther Baró Diéguez,Medio,Corriente,Independiente,2022-03-27,13228343,4
Mar Ramírez Ibañez,Universitario,Corriente,Cesante,2022-02-25,6991710,3
Florina Abad Villaverde,Universitario,Corriente,Cesante,2019-06-04,38808,4
Evaristo Castejón,Universitario,Vista,Dependiente,2023-03-22,5129980,3
Luis Ángel Vigil Requena,Universitario,Corriente,Cesante,2021-02-19,5658418,4
Clarisa González Bernad,Medio,Vista,Cesante,2022-04-03,234878,1
Juan Francisco Aller,Universitario,Corriente,Independiente,2022-07-14,1038661,1
Pili Cortes-Martin,Medio,Corriente,Dependiente,2020-05-12,14014707,4
Juan Francisco Maza Carrera,Medio,Vista,Dependiente,2022-09-20,13491655,4
Galo Sales-Serra,Incompleto,Corriente,Dependiente,2021-07-23,8469766,3
Felicia Laguna-Dominguez,Universitario,Vista,Independiente,2019-07-18,3267449,3
Cebrián Quero Amigó,Incompleto,Ahorro,Cesante,2019-09-22,3737686,4
Ignacia Serafina Nevado Tejedor,Universitario,Ahorro,Independiente,2022-10-03,11759763,2
Inmaculada Torrecilla Bravo,Medio,Vista,Dependiente,2020-03-25,13740291,4
Merche Valle Abellán,Incompleto,Ahorro,Cesante,2023-12-01,9787353,3
Rico Lledó Calderón,Medio,Ahorro,Independiente,2021-06-14,1794460,1
Ramiro Tovar Donaire,Universitario,Ahorro,Independiente,2023-11-26,4142402,4
Maricruz Palau Piñol,Medio,Vista,Cesante,2021-04-26,1337324,3
Ciriaco Múñiz-Bernad,Medio,Vista,Cesante,2020-05-31,14488827,1
Aureliano Villegas Alarcón,Universitario,Corriente,Dependiente,2020-08-19,3317905,1
María Fernanda Sales Valdés,Universitario,Vista,Dependiente,2019-07-18,12958710,1
Carmelo Pascual Morillo,Medio,Corriente,Dependiente,2020-11-16,7293219,3
Teodoro Ramón Alcántara,Medio,Ahorro,Dependiente,2023-05-08,7939208,1
Salomón Ojeda Plana,Medio,Vista,Dependiente,2022-03-30,4083319,4
Ana Belén Villalobos Armas,Incompleto,Ahorro,Independiente,2023-11-06,5048606,1
Soledad Padilla,Incompleto,Vista,Independiente,2020-12-14,5059646,1
Arsenio Ramón Delgado,Medio,Vista,Independiente,2021-05-06,2960522,4
Nilo Padilla Cabello,Incompleto,Vista,Cesante,2020-07-17,5080105,4
Abraham del Salvador,Medio,Ahorro,Dependiente,2019-03-16,12182113,2
Leocadio Valentín Nebot,Medio,Vista,Dependiente,2021-09-29,8461376,4
Amado Amor Vizcaíno,Medio,Corriente,Dependiente,2019-05-07,1881114,2
Chus Manuel Carlos Montoya,Medio,Vista,Independiente,2022-01-24,13708763,2
Danilo Salinas Ayllón,Incompleto,Ahorro,Dependiente,2019-10-09,14775900,3
Edmundo Verdú Guillén,Universitario,Corriente,Independiente,2023-09-05,5736880,3
Áurea Cabeza Jimenez,Incompleto,Ahorro,Dependiente,2019-12-11,11110450,1
Marisela Aragón Nogueira,Incompleto,Vista,Dependiente,2020-04-06,14168120,1
Florina Corbacho Cervera,Universitario,Corriente,Cesante,2020-04-07,7111970,4
Eligio Morán Posada,Universitario,Corriente,Independiente,2019-11-02,2729144,4
Chita Azcona Grau,Universitario,Ahorro,Independiente,2019-12-04,1184819,2
Erasmo Gordillo Alegre,Medio,Ahorro,Cesante,2021-10-27,4563959,3
Sandalio Nicanor Morcillo Juárez,Medio,Corriente,Independiente,2021-12-27,6810303,1
Ulises Vázquez Hernando,Incompleto,Ahorro,Cesante,2022-08-28,7801334,1
Juan Francisco Bermudez Cornejo,Medio,Ahorro,Independiente,2023-02-15,3474027,4
Adelardo Girón Sarmiento,Medio,Ahorro,Cesante,2019-12-02,9296070,3
Lázaro Agudo Castilla,Incompleto,Vista,Independiente,2019-11-21,2141681,2
Pedro Ciriaco Téllez Gallego,Medio,Corriente,Cesante,2021-09-01,3855428,4
Dorita Codina Mariscal,Incompleto,Corriente,Dependiente,2021-10-03,3333513,3
Belén Castejón Porcel,Incompleto,Vista,Cesante,2022-10-02,11598388,1
Narciso César Márquez Madrigal,Medio,Vista,Cesante,2019-10-08,2455640,4
Ámbar Portillo Bosch,Medio,Ahorro,Cesante,2022-01-12,743384,1
Nicolás Boada,Medio,Vista,Independiente,2023-11-12,11358419,1
Estefanía Blanca Conde,Incompleto,Corriente,Cesante,2019-02-20,821773,1
Regina Barranco,Medio,Corriente,Independiente,2021-02-27,4435939,2
Gastón Campo Araujo,Incompleto,Ahorro,Cesante,2021-04-03,14303590,1
Íñigo Mayoral Nicolás,Medio,Corriente,Cesante,2022-07-28,4736214,4
Salvador Mercader,Universitario,Corriente,Cesante,2022-10-29,3256582,4
Marino Carbó Juan,Universitario,Vista,Cesante,2023-11-26,6056232,1
Mireia Noa Medina Carreras,Incompleto,Ahorro,Cesante,2022-03-12,4902252,1
Trinidad de Cases,Medio,Vista,Independiente,2022-06-17,14638629,3
Margarita Gascón Cantero,Incompleto,Corriente,Dependiente,2019-10-19,9935339,4
Benigna Carbonell Barros,Incompleto,Ahorro,Dependiente,2022-04-11,2308399,1
Adolfo Diaz Rivero,Universitario,Vista,Dependiente,2023-07-07,1249854,3
Benito Naranjo Machado,Incompleto,Ahorro,Cesante,2023-07-19,3021568,2
Fidela Bellido Sosa,Universitario,Vista,Cesante,2022-02-14,8032841,1
Gregorio del Cobo,Medio,Vista,Cesante,2021-08-31,848454,4
Fortunato Vera Rovira,Incompleto,Vista,Dependiente,2022-06-23,10308432,4
Paulino Armengol Núñez,Incompleto,Vista,Independiente,2019-03-17,5872575,1
Heliodoro Vendrell Díaz,Medio,Corriente,Independiente,2021-10-03,384841,2
Dionisia Sureda,Incompleto,Ahorro,Independiente,2019-07-29,1641599,4
Victor Ávila Roig,Universitario,Vista,Dependiente,2019-04-29,14384447,4
María José Marcos Alfaro,Medio,Vista,Dependiente,2021-06-10,7710220,4
África Costa Nuñez,Incompleto,Vista,Independiente,2022-09-13,3068521,4
Ruperto Lago-Ferrando,Medio,Vista,Cesante,2019-01-10,2076239,3
Rodrigo Juan Tormo,Medio,Ahorro,Cesante,2023-06-06,3340008,2
Leire de Bárcena,Medio,Corriente,Independiente,2022-08-07,470012,4
Lázaro Quintana Ribas,Incompleto,Vista,Cesante,2020-02-14,8495198,4
Lino Cuenca Llamas,Medio,Corriente,Dependiente,2020-10-12,14134930,4
Irma Calvo Mendizábal,Incompleto,Corriente,Independiente,2022-06-16,2324407,1
Ainara Morales Bejarano,Incompleto,Corriente,Cesante,2023-01-13,9701419,2
Mauricio Valero Teruel Boix,Incompleto,Vista,Independiente,2021-05-26,6718671,1
Chita Saldaña Guitart,Universitario,Corriente,Independiente,2021-10-29,10808374,3
Ignacio Aguilera Álvaro,Medio,Ahorro,Independiente,2023-09-12,10762924,3
Román Calvo Albero,Medio,Vista,Cesante,2021-01-18,13682896,3
Rosalía Royo Cabañas,Universitario,Corriente,Dependiente,2022-06-25,11650573,2
Heraclio Ciro Acedo Gárate,Universitario,Vista,Independiente,2022-11-26,7388832,1
Carolina Cobos Prat,Incompleto,Vista,Independiente,2022-12-02,6001022,4
Mayte Vicens Molins,Medio,Vista,Cesante,2023-01-09,4630773,3
Reyes Escolano Ariño,Medio,Ahorro,Independiente,2021-02-01,9716230,1
Atilio del Giménez,Incompleto,Ahorro,Independiente,2022-12-09,9720309,4
Silvio Salvador Calderon Alberola,Incompleto,Corriente,Cesante,2023-04-22,11151052,4
Georgina Roda Clemente,Universitario,Corriente,Cesante,2022-07-01,9631218,2
Cristina Manuelita Hierro Sáenz,Incompleto,Corriente,Dependiente,2020-10-24,4728428,3
Gala Martín Roldán,Medio,Ahorro,Independiente,2020-05-23,14354134,3
Bartolomé Jurado Barriga,Incompleto,Vista,Cesante,2021-12-09,10425626,4
Silvia Iborra-Alcolea,Incompleto,Ahorro,Dependiente,2022-07-20,2276724,2
Fabiola Cid Salas,Medio,Corriente,Independiente,2021-06-02,4223048,3
Anabel Espejo Solsona,Medio,Vista,Dependiente,2020-04-28,14763873,1
Alex Fuente Hidalgo,Medio,Corriente,Independiente,2023-05-13,975144,3
Álvaro Vélez Campillo,Incompleto,Vista,Cesante,2023-01-21,5048683,3
Onofre Maxi Montes Tello,Incompleto,Vista,Dependiente,2019-03-22,6084662,4
María Del Carmen Ortiz-Pera,Universitario,Corriente,Independiente,2019-12-13,1106496,4
María Ángeles Palau Gallo,Medio,Corriente,Cesante,2023-09-26,2852104,1
Evita Bautista Galán,Universitario,Corriente,Independiente,2019-10-27,10333028,2
Concepción Vaquero Rovira,Incompleto,Corriente,Cesante,2019-04-27,5416777,2
Alma Porcel,Incompleto,Corriente,Cesante,2022-07-18,14505387,4
Pepita Asenjo Almansa,Universitario,Corriente,Dependiente,2023-04-12,8629535,4
Quique Mesa Sánchez,Medio,Ahorro,Cesante,2020-04-05,8261886,1
Cayetano Bernal Cobo,Universitario,Corriente,Cesante,2023-01-02,7256425,2
Candela Perales Téllez,Medio,Corriente,Dependiente,2020-06-16,1683247,3
Matilde Pineda Terrón,Incompleto,Ahorro,Cesante,2021-04-18,2880149,2
Alma Moreno Gascón,Universitario,Vista,Cesante,2021-05-18,3234419,2
Salvador Ibáñez Palomino,Medio,Vista,Independiente,2019-05-10,2246419,2
Marino Oller,Incompleto,Corriente,Independiente,2020-04-19,7860203,1
Cruz Caparrós Larrea,Incompleto,Vista,Independiente,2021-01-23,1738516,1
Tere Felipa Arcos Valenciano,Medio,Corriente,Dependiente,2023-12-13,2341022,2
Feliciana Calzada,Universitario,Vista,Cesante,2022-10-27,11414217,3
Caridad Campillo Mosquera,Universitario,Vista,Independiente,2020-10-10,2049767,1
Fabiola de Jódar,Universitario,Ahorro,Dependiente,2021-04-30,8999437,1
Sosimo Almagro Milla,Incompleto,Ahorro,Dependiente,2020-12-19,7750883,4
Íngrid Gisbert Lobo,Universitario,Corriente,Dependiente,2023-08-11,9207836,4
Ema Abigaíl Ripoll Barrera,Medio,Vista,Dependiente,2019-01-11,8384491,2
Eli Rebollo-Asenjo,Incompleto,Ahorro,Cesante,2023-07-25,13112311,3
Lina Morillo Armas,Incompleto,Corriente,Dependiente,2021-05-14,11278080,4
Silvestre Victor Arteaga Bou,Medio,Corriente,Dependiente,2022-05-02,5857378,3
Sarita Costa-Landa,Universitario,Vista,Cesante,2022-04-17,9263123,2
Poncio del Carbonell,Medio,Ahorro,Independiente,2023-04-08,14886192,3
Damián Hurtado,Universitario,Corriente,Cesante,2022-09-13,4999951,4
Eutropio Cárdenas Leiva,Incompleto,Corriente,Dependiente,2022-02-16,7718482,1
Joan Morell Murillo,Incompleto,Corriente,Dependiente,2022-09-22,4243603,2
Ainoa Tolosa Cordero,Medio,Ahorro,Cesante,2019-01-17,10146343,1
Soledad del Jover,Incompleto,Corriente,Independiente,2019-10-23,7583789,1
Bonifacio Almansa Galan,Universitario,Corriente,Cesante,2023-02-20,5568887,1
José Puerta Fuertes,Incompleto,Ahorro,Independiente,2020-10-16,3596249,3
Dominga Céspedes Páez,Medio,Ahorro,Cesante,2019-06-20,2617372,2
Josefa Agullo-Mesa,Universitario,Vista,Independiente,2021-02-06,13083906,2
Federico Guzmán Valle,Incompleto,Corriente,Independiente,2019-05-17,527794,4
Godofredo Murcia Cardona,Incompleto,Ahorro,Cesante,2021-09-12,10713941,4
Ileana Marco Robledo,Medio,Vista,Dependiente,2021-12-12,12645233,4
María Jesús Lamas-Benavent,Incompleto,Ahorro,Independiente,2020-08-27,9154011,2
Espiridión del Antúnez,Universitario,Corriente,Independiente,2020-04-30,9223967,1
Yésica Saldaña-Juárez,Medio,Vista,Dependiente,2022-08-12,13029021,2
Adalberto Nebot Losada,Medio,Corriente,Independiente,2022-07-07,608420,3
Jacinto Cabezas Azorin,Medio,Ahorro,Independiente,2023-07-26,11705193,3
Carolina Cuenca Nogués,Universitario,Vista,Independiente,2022-02-26,9408444,1
Aroa Fuentes,Incompleto,Corriente,Cesante,2021-07-09,12601023,1
Feliciano del Piquer,Medio,Corriente,Independiente,2021-10-27,3210790,3
Blas Bustamante Pujol,Incompleto,Ahorro,Dependiente,2019-08-21,10839850,2
Jennifer del Cámara,Incompleto,Vista,Cesante,2023-02-01,4951903,3
Magdalena Molina Salcedo,Universitario,Corriente,Cesante,2021-08-29,10658152,4
Salvador Esteban,Medio,Ahorro,Cesante,2023-12-14,9877771,4
Daniela Burgos Beltran,Medio,Vista,Dependiente,2020-05-08,1248918,2
Paca Peral Valls,Incompleto,Corriente,Independiente,2019-04-05,5320654,1
Tristán Franco Roda,Universitario,Corriente,Cesante,2019-04-08,12404589,3
Laura Cristina Conesa Palomino,Incompleto,Corriente,Independiente,2023-05-19,14423593,1
Rubén Uría Vall,Medio,Ahorro,Independiente,2019-11-24,11187693,2
Ale Larrea Torrents,Medio,Ahorro,Independiente,2021-02-07,7948192,1
Toño Miranda Calderón,Universitario,Vista,Independiente,2019-06-06,454850,2
Marcos Mármol Lledó,Incompleto,Vista,Dependiente,2020-04-05,9904184,1
Maximiliano Bayón Porcel,Medio,Vista,Cesante,2022-03-21,9020252,4
Nydia Barreda Almansa,Incompleto,Ahorro,Independiente,2022-01-23,7422964,4
Teresa Hoz-Torrents,Universitario,Corriente,Cesante,2022-08-04,13442222,4
León Lladó,Universitario,Vista,Dependiente,2022-04-25,14992204,3
Reinaldo Barroso Anaya,Universitario,Vista,Independiente,2021-03-08,12031846,2
Apolinar Javier Córdoba Noguera,Medio,Ahorro,Dependiente,2023-06-29,13732718,1
Gabriel Eutropio Costa Acedo,Incompleto,Ahorro,Independiente,2023-08-12,6139587,3
Rosa María Aroca Catalá,Universitario,Vista,Dependiente,2023-01-02,11917085,4
Aurelia Cifuentes Mateo,Incompleto,Corriente,Cesante,2023-05-14,1070535,2
Inocencio Díez,Universitario,Ahorro,Independiente,2023-12-02,6843109,2
Felicia Ferrández Sala,Universitario,Corriente,Dependiente,2020-06-29,713394,4
Ibán Gilabert-Cornejo,Incompleto,Ahorro,Independiente,2022-03-08,2245233,4
Sandalio Saldaña Guillén,Incompleto,Corriente,Cesante,2022-11-02,14528928,2
Eufemia Gabaldón Fajardo,Incompleto,Corriente,Independiente,2021-08-27,1028332,2
Gastón Fuster,Incompleto,Vista,Cesante,2022-12-01,7290273,3
Dani Alcázar,Universitario,Vista,Dependiente,2019-11-02,14562496,4
Charo Serna Gallart,Medio,Vista,Cesante,2021-02-18,14916953,1
Silvia Macias Fiol,Universitario,Vista,Independiente,2022-12-24,11668103,1
Jennifer del Ballester,Incompleto,Vista,Cesante,2023-05-21,3067852,2
Rafa Canet Cobo,Universitario,Ahorro,Cesante,2019-11-07,3001700,2
Ascensión Garcés Pons,Medio,Corriente,Independiente,2022-10-22,3976240,4
Filomena Ramón-Donaire,Universitario,Corriente,Dependiente,2019-02-03,14169996,1
Macarena Carlos Llorens,Incompleto,Vista,Independiente,2021-06-24,4054808,3
Gerónimo Alemany-Paredes,Universitario,Vista,Independiente,2019-11-24,12390830,4
Ana Belén Rodríguez Martínez,Medio,Corriente,Independiente,2020-12-15,898718,2
Emelina del Gargallo,Medio,Ahorro,Dependiente,2022-07-19,5459161,4
Marcio Valdés-Garcia,Universitario,Corriente,Dependiente,2021-03-01,5851667,2
Juan Francisco José Mari Cerezo Dueñas,Universitario,Ahorro,Dependiente,2021-08-19,1643032,4
Custodio Cal Domínguez,Medio,Vista,Cesante,2019-11-20,13979852,3
Fortunato Ros Álamo,Universitario,Corriente,Cesante,2022-07-14,9587227,1
Florinda Roda Luz,Universitario,Ahorro,Dependiente,2022-03-29,4944080,2
Lupita Azeneth Casanovas Parejo,Medio,Ahorro,Dependiente,2021-07-17,7031256,3
Máximo del Capdevila,Incompleto,Ahorro,Dependiente,2022-08-30,139516,1
María Ángeles Zamorano Abellán,Medio,Corriente,Cesante,2021-07-18,3108870,4
Áurea Alberto-Rivero,Universitario,Vista,Independiente,2023-07-19,12780052,4
Nicolasa Ribas,Medio,Corriente,Independiente,2019-10-14,5414925,3
Francisco Jose Folch Alcaraz,Universitario,Ahorro,Cesante,2022-01-09,3032433,4
Laura Samper Amo,Incompleto,Ahorro,Cesante,2023-03-11,1771045,4
María Manuela Mascaró Diaz,Incompleto,Corriente,Independiente,2021-11-07,12781014,3
Chus Tamara Maldonado Ribas,Medio,Ahorro,Independiente,2021-08-11,2549167,2
Flora de Durán,Universitario,Vista,Dependiente,2022-05-13,9576840,3
Nélida Cazorla Herrero,Medio,Vista,Dependiente,2022-12-25,12734349,1
Aroa Anaya,Incompleto,Ahorro,Dependiente,2023-07-10,11778788,2
Gerónimo de Diez,Medio,Ahorro,Independiente,2019-11-17,8257551,4
Dalila Cuervo Moll,Universitario,Ahorro,Dependiente,2020-08-11,2795707,2
Fidel Cañete Arrieta,Universitario,Ahorro,Dependiente,2023-06-10,735323,3
Gala Jove Ayala,Universitario,Corriente,Independiente,2022-01-22,10636498,3
Elisabet Nogués Suarez,Universitario,Ahorro,Cesante,2023-02-28,7970523,1
Manuel Paredes Gargallo,Incompleto,Ahorro,Cesante,2019-12-18,1082603,1
Jenaro Maximino Company Carrera,Incompleto,Corriente,Independiente,2021-04-10,1644694,2
Samanta Remedios Villalonga Arnal,Medio,Corriente,Dependiente,2019-06-23,6396389,1
Fulgencio Angulo-Bosch,Medio,Ahorro,Cesante,2019-04-02,2883428,3
Liliana Guzman Jimenez,Incompleto,Corriente,Cesante,2022-07-13,2246979,2
Miguel Ángel Vizcaíno,Incompleto,Ahorro,Cesante,2021-04-08,3225906,3
Rosalina Elías Acuña,Medio,Vista,Independiente,2023-01-09,14811940,3
Natanael Herrera Ródenas,Medio,Ahorro,Independiente,2021-11-30,9320752,3
Úrsula Blasco Ribes,Incompleto,Vista,Dependiente,2023-03-26,9401497,1
Venceslás Olivera Manuel,Incompleto,Ahorro,Cesante,2022-05-12,164015,1
Amando Saturnino Hoz Novoa,Medio,Vista,Cesante,2022-08-09,10715966,4
Amelia Bayo Salinas,Incompleto,Ahorro,Independiente,2022-03-13,7721266,2
Borja Ferrán-Corral,Universitario,Corriente,Dependiente,2021-11-16,3813954,1
Mariano Casanovas Grande,Medio,Corriente,Dependiente,2019-02-02,467882,2
Malena Priego,Universitario,Vista,Dependiente,2023-06-02,9304065,4
Blas Tudela Jáuregui,Universitario,Vista,Cesante,2021-10-30,2870064,4
Jose Manuel de Arranz,Medio,Vista,Independiente,2020-10-19,11668723,2
Luisina Domínguez Agudo,Medio,Vista,Cesante,2022-05-27,10174542,3
Adelardo Boada,Incompleto,Corriente,Cesante,2022-09-15,13335772,2
Xavier Canales,Universitario,Corriente,Independiente,2022-12-16,14194374,4
Petrona Almansa,Medio,Vista,Dependiente,2019-04-28,8168385,4
Teodosio Duran-Solsona,Medio,Ahorro,Cesante,2023-11-20,4765666,2
Javier Pinedo Carbó,Incompleto,Vista,Cesante,2019-05-30,869000,3
Perlita Pujol Bonilla,Universitario,Vista,Dependiente,2020-11-16,7395090,3
Modesto Montaña Burgos,Medio,Vista,Independiente,2019-03-09,1744363,4
Alondra Paula Colom Bastida,Incompleto,Corriente,Dependiente,2021-11-30,7066137,4
Andrés Lázaro Royo Luz,Universitario,Corriente,Dependiente,2023-10-31,9747758,4
Juan Antonio Jose Ramón Borrás Meléndez,Medio,Vista,Cesante,2019-04-18,13700753,3
Jordana Marcos Agustí,Universitario,Corriente,Cesante,2019-03-21,12220681,1
Sara Hoyos Morcillo,Incompleto,Ahorro,Independiente,2023-11-14,12172874,2
Cirino de Tejero,Universitario,Ahorro,Independiente,2020-07-03,14396543,2
José María Eliseo Catalá Domínguez,Incompleto,Corriente,Dependiente,2020-01-08,3422082,4
Eliana Casanova Vargas,Universitario,Ahorro,Dependiente,2022-03-13,8141307,3
Herberto Mateu Torrents,Incompleto,Ahorro,Cesante,2019-03-16,10580091,2
Soledad de Bermudez,Medio,Ahorro,Independiente,2019-01-03,7473837,1
Lola Alvarado Alemany,Incompleto,Corriente,Dependiente,2022-11-19,1894868,4
Regina Pomares-Sanjuan,Universitario,Ahorro,Cesante,2022-05-13,7195486,3
Ángela Seguí Asenjo,Medio,Corriente,Cesante,2021-04-30,795203,1
Dionisia Busquets Donoso,Incompleto,Ahorro,Dependiente,2022-01-25,8168428,3
Isa Escrivá-Castelló,Incompleto,Ahorro,Independiente,2020-04-08,13171196,3
Amparo Lopez Mercader,Universitario,Ahorro,Independiente,2020-08-15,13200488,1
Ibán de Molina,Incompleto,Corriente,Dependiente,2022-07-04,5350813,1
Pacífica Izquierdo España,Universitario,Corriente,Dependiente,2019-07-11,14670417,3
Melania Hervás-Roselló,Medio,Ahorro,Independiente,2023-03-01,2402372,3
Cebrián Marí,Universitario,Corriente,Cesante,2021-03-27,8706286,2
Fabiana Trillo Salgado,Universitario,Ahorro,Dependiente,2023-03-26,13649354,3
Milagros Salamanca Huguet,Incompleto,Vista,Independiente,2022-01-22,14672975,2
Alejandra Boada Torres,Incompleto,Corriente,Dependiente,2022-08-23,12106224,3
Renata Jerez Nogués,Medio,Corriente,Cesante,2023-02-06,9789685,1
Adelia Quiroga Riba,Universitario,Ahorro,Dependiente,2023-03-19,1635008,3
Rogelio Norberto Isern Carreño,Universitario,Corriente,Independiente,2021-04-05,14205583,1
Asdrubal Hilario Cuesta Castrillo,Incompleto,Ahorro,Cesante,2023-12-27,6790071,3
Encarnación Roda Morera,Medio,Ahorro,Dependiente,2023-04-17,14690187,4
Lorenza Cazorla Domínguez,Universitario,Corriente,Dependiente,2023-03-01,1609569,2
Primitivo Puga Grande,Universitario,Vista,Cesante,2022-10-11,11273177,4
Julián Bautista Benavent,Universitario,Corriente,Independiente,2023-08-12,7961210,3
Humberto Conrado Arrieta Hernandez,Incompleto,Vista,Cesante,2019-12-04,10354118,2
Herberto Peláez,Incompleto,Ahorro,Dependiente,2020-02-04,10417832,3
Ana Belén Cárdenas Bermudez,Incompleto,Vista,Cesante,2019-10-12,2999213,3
Graciana Valdés Bonilla,Incompleto,Ahorro,Dependiente,2020-06-29,998041,1
Abilio Sotelo Bermúdez,Universitario,Ahorro,Independiente,2021-11-03,14736986,1
Ale Llorente-Paniagua,Incompleto,Ahorro,Independiente,2020-12-22,12140866,4
Judith de Batlle,Medio,Corriente,Dependiente,2022-03-05,8768439,4
Eulalia Trillo Castejón,Medio,Corriente,Independiente,2021-10-24,5232699,3
Apolonia Canales Ochoa,Incompleto,Corriente,Cesante,2023-07-16,2952153,4
Salvador Santana-Llabrés,Medio,Vista,Dependiente,2020-07-05,10383265,3
Luisa Lladó Vilar,Medio,Ahorro,Cesante,2021-05-21,11222106,3
Marciano Crespo Ibañez,Incompleto,Ahorro,Independiente,2023-12-10,3699593,1
Mariano Varela Mascaró,Universitario,Ahorro,Independiente,2023-09-28,4065914,1
Yéssica Sarita Aguirre Fernández,Incompleto,Ahorro,Cesante,2020-08-12,844454,3
Cristóbal de Vidal,Medio,Ahorro,Dependiente,2022-05-16,10723877,1
Leyre Viña Poza,Medio,Ahorro,Cesante,2020-10-07,10613236,3
Jovita de Manjón,Medio,Corriente,Independiente,2020-02-01,9459128,1
Florencia Castilla Colom,Medio,Vista,Dependiente,2020-06-02,13074524,3
Soledad Pulido Benítez,Universitario,Ahorro,Dependiente,2022-12-16,8540642,3
Abril Gutierrez Marí,Universitario,Corriente,Independiente,2021-05-15,8990859,1
Víctor Arranz,Universitario,Corriente,Cesante,2022-06-23,1593793,1
Perlita Urrutia,Medio,Ahorro,Cesante,2023-12-03,3290942,2
Eliseo Hernán Velasco Corral,Incompleto,Vista,Independiente,2019-03-08,1405666,4
Violeta Avilés,Medio,Vista,Cesante,2019-03-16,13116307,2
Cristian de Porcel,Medio,Corriente,Dependiente,2020-10-20,8961875,4
Nicodemo del Pareja,Incompleto,Vista,Dependiente,2020-03-23,11908117,4
Caridad Águila,Incompleto,Vista,Cesante,2021-07-20,13384140,3
Lorena Sanabria-Hernando,Medio,Vista,Cesante,2023-08-11,11273644,1
Teobaldo Royo-Valencia,Universitario,Ahorro,Cesante,2022-05-04,12778776,3
Anselmo Yuste Valero,Medio,Corriente,Cesante,2021-05-14,10911999,4
Leandro Ponce Losada,Medio,Vista,Cesante,2022-03-02,11374732,3
Alfredo Trujillo,Medio,Corriente,Independiente,2021-02-25,11467977,4
Micaela de Echeverría,Medio,Ahorro,Cesante,2023-04-27,8608591,3
Margarita Candelaria Bartolomé Vilalta,Incompleto,Corriente,Dependiente,2019-10-19,14700401,4
Pacífica de Tovar,Incompleto,Ahorro,Cesante,2023-10-24,6573209,4
Imelda Gelabert Collado,Incompleto,Corriente,Independiente,2023-12-05,9990566,2
Felix Morillo Santamaria,Universitario,Corriente,Independiente,2021-12-09,8584514,2
Áurea Gilabert Noguera,Medio,Vista,Independiente,2020-07-08,8850182,2
María Fernanda Pedraza Jordán,Incompleto,Ahorro,Dependiente,2023-08-02,11504157,3
Félix Vives Infante,Medio,Vista,Dependiente,2019-03-11,4705744,4
Anacleto Arellano Escamilla,Universitario,Vista,Dependiente,2019-06-19,7146214,3
Elvira Company Amo,Incompleto,Ahorro,Independiente,2021-08-03,5047897,4
José Mari Escobar Fabra,Medio,Vista,Independiente,2020-11-12,9061457,4
Lidia Olivera Gimeno,Incompleto,Vista,Cesante,2022-08-23,3077139,4
Felisa Juliá Rosell,Universitario,Ahorro,Cesante,2023-03-27,4173020,3
Cándido Prat Valdés,Medio,Vista,Independiente,2023-12-30,11514234,3
Trinidad Gargallo Casals,Medio,Ahorro,Independiente,2019-12-18,2011850,4
Paloma Roca Lorenzo,Incompleto,Ahorro,Cesante,2019-09-29,1782982,3
Begoña España Roma,Incompleto,Ahorro,Cesante,2020-07-12,10550681,3
Vicenta Guzmán Galan,Universitario,Corriente,Independiente,2023-01-08,2221016,2
Martín Trillo Sevillano,Universitario,Vista,Independiente,2022-03-13,633159,2
Vera Anita Figuerola Gutierrez,Medio,Vista,Dependiente,2022-02-09,639166,3
Paca Solís,Incompleto,Vista,Dependiente,2020-12-24,10643543,2
Asdrubal Guillen Galindo,Incompleto,Corriente,Dependiente,2021-12-20,415157,1
Casemiro Ramírez Ropero,Incompleto,Vista,Independiente,2023-04-27,3172576,2
Sabina del Martín,Medio,Ahorro,Independiente,2023-05-24,1640618,1
Valero Boada Alcántara,Medio,Vista,Cesante,2022-07-06,10478639,2
Calisto Falcó Azorin,Medio,Ahorro,Dependiente,2022-11-22,1020988,4
Jafet Zacarías Escobar Paz,Incompleto,Ahorro,Independiente,2020-02-22,12281606,3
Danilo Giralt,Incompleto,Corriente,Dependiente,2021-10-15,11323797,1
Bernardino Iniesta Ródenas,Medio,Vista,Cesante,2019-07-28,6891317,3
Maristela Prieto Quesada,Medio,Ahorro,Dependiente,2020-02-09,14794642,2
Isidoro Berrocal Chaparro,Incompleto,Ahorro,Independiente,2021-03-19,1635056,2
Herminio Porta Montalbán,Medio,Ahorro,Cesante,2023-02-14,2124886,1
Quique Frías,Universitario,Corriente,Independiente,2019-06-07,1878228,3
Noemí de Gomila,Universitario,Vista,Cesante,2022-06-07,2303991,3
Micaela Vives,Incompleto,Corriente,Independiente,2020-03-08,9288303,3
Macario Roma-Paniagua,Medio,Corriente,Independiente,2023-07-20,5911484,3
Piedad Laura Castell Higueras,Incompleto,Corriente,Dependiente,2022-11-18,4041163,4
Roldán Cánovas,Incompleto,Vista,Cesante,2021-04-13,3860630,1
Encarnacion Prado Suarez,Incompleto,Ahorro,Independiente,2023-01-25,8117022,4
Mario Salcedo Rojas,Universitario,Ahorro,Independiente,2022-09-30,6586403,3
Jerónimo Cózar Rivera,Medio,Vista,Cesante,2023-12-29,13397076,4
Pepito Quiroga Orozco,Universitario,Vista,Dependiente,2019-06-18,1092725,3
María Teresa Echevarría Buendía,Incompleto,Corriente,Independiente,2021-05-16,9577806,3
Yéssica Gutierrez Galan,Incompleto,Vista,Independiente,2019-04-13,4551549,4
Ciriaco Sobrino,Incompleto,Ahorro,Cesante,2021-03-02,9866317,3
Gerónimo de Tapia,Universitario,Vista,Independiente,2019-02-17,2444287,2
Elisabet Salinas Conde,Incompleto,Vista,Dependiente,2021-03-21,5607031,1
Adolfo Casanovas Plana,Incompleto,Ahorro,Cesante,2021-04-17,14276350,2
Amancio de Sastre,Incompleto,Vista,Independiente,2023-05-14,8286029,1
Abril Sabater Peñalver,Universitario,Ahorro,Dependiente,2023-01-18,2431859,2
Juanita Barberá Rebollo,Medio,Corriente,Dependiente,2021-01-11,8841866,1
Martirio del Farré,Universitario,Ahorro,Independiente,2023-10-08,10451957,2
Federico Castells Suarez,Incompleto,Vista,Independiente,2019-09-10,14949223,4
Cleto Plana Andreu,Universitario,Corriente,Independiente,2023-05-05,2679635,3
Concepción Tomasa Llabrés Elorza,Incompleto,Ahorro,Cesante,2021-10-29,14550394,1
Eugenio Planas Vidal,Universitario,Ahorro,Independiente,2021-05-13,2959585,1
Liliana de Murcia,Medio,Vista,Independiente,2019-07-16,3195495,1
Viviana de Rubio,Incompleto,Ahorro,Independiente,2019-04-11,4533957,2
Guadalupe Luz Huertas Morcillo,Incompleto,Ahorro,Independiente,2019-10-11,4225929,3
Iván Cuervo,Universitario,Corriente,Dependiente,2022-04-13,7846946,2
Macario Molina Quiroga,Incompleto,Vista,Cesante,2021-05-13,10492428,4
Cristian Durán Aguirre,Universitario,Vista,Independiente,2021-06-08,7370694,2
Jose Carlos Benavente Arana,Universitario,Vista,Independiente,2022-01-12,14574381,2
Rogelio Jordán Aranda,Universitario,Corriente,Dependiente,2023-07-16,5656946,1
Lalo Ibarra Mariscal,Incompleto,Vista,Dependiente,2021-10-20,3890186,2
Amando Ayuso Reguera,Medio,Vista,Cesante,2020-11-16,11302923,4
Paca del Prieto,Universitario,Corriente,Cesante,2020-12-05,4522556,1
Anita Estela Lledó Perera,Universitario,Vista,Cesante,2019-10-05,8305680,1
Amada Calvo Bárcena,Universitario,Ahorro,Dependiente,2021-04-28,5282984,4
Ambrosio Bru-Alemany,Medio,Corriente,Dependiente,2023-08-22,4635622,2
Felipa del Jódar,Universitario,Corriente,Cesante,2021-10-01,7430219,3
Anita del Fonseca,Universitario,Ahorro,Cesante,2023-09-21,5706317,2
Samu Albero Maestre,Universitario,Corriente,Dependiente,2019-03-05,11663841,1
Albano Quero Guzman,Medio,Corriente,Dependiente,2020-01-06,8943047,2
Herminio de Arellano,Medio,Corriente,Cesante,2022-05-17,9536053,4
Jose Ramón Bas Amores,Medio,Corriente,Dependiente,2019-05-13,3020638,4
Teodoro Barba Martinez,Incompleto,Corriente,Independiente,2020-02-03,8750494,1
Fortunata Silva,Medio,Ahorro,Cesante,2020-09-29,924364,3
Sara Fortuny,Universitario,Vista,Independiente,2023-10-13,10531488,3
Antonia Navarrete Gomila,Incompleto,Ahorro,Cesante,2020-12-09,3221321,4
Bernarda Bonet Cáceres,Medio,Corriente,Dependiente,2021-04-26,7492489,4
Manuela Jiménez Aguiló,Medio,Vista,Cesante,2020-05-06,4630868,1
Rolando Sanmartín Madrid,Universitario,Ahorro,Cesante,2023-08-23,12779506,3
Trinidad Nieves Pedraza Pacheco,Medio,Ahorro,Cesante,2019-02-22,14586033,3
Sigfrido Casemiro Martínez Bello,Universitario,Vista,Cesante,2023-12-14,5694057,4
Juan Pablo Hernandez Cañizares,Incompleto,Ahorro,Cesante,2022-02-17,5985816,4
Ruben Balaguer Hierro,Universitario,Vista,Dependiente,2020-05-03,10478032,1
Maxi del Torrijos,Incompleto,Vista,Independiente,2022-04-18,10243688,2
Emperatriz Lorenzo,Medio,Corriente,Dependiente,2022-11-25,2423180,2
Rodolfo Eustaquio Saldaña Garcés,Universitario,Ahorro,Cesante,2022-11-12,6951305,3
Miguel Alcides Arenas Expósito,Medio,Vista,Independiente,2020-01-04,8920538,1
Celia Bas Camino,Incompleto,Corriente,Cesante,2021-11-25,6982972,3
Adriana Alfonso Valero,Incompleto,Vista,Cesante,2019-03-31,8813848,3
Jaime Figuerola Ramírez,Medio,Corriente,Dependiente,2023-07-15,8114083,4
Sofía Estrella Manso Viñas,Universitario,Ahorro,Dependiente,2019-06-15,8866795,3
Cecilia Anglada-Ripoll,Incompleto,Vista,Independiente,2023-12-05,13967357,2
Abigaíl Real Quintanilla,Incompleto,Vista,Cesante,2022-11-01,1179601,3
Severiano Serrano Pera,Incompleto,Ahorro,Cesante,2022-04-27,13885933,4
Pancho Nicolau Espada,Universitario,Ahorro,Dependiente,2021-11-13,2111446,3
Tecla Arenas Gonzalo,Universitario,Vista,Independiente,2019-03-30,14327033,1
Teresa Andrés Sacristán,Medio,Ahorro,Dependiente,2023-09-02,7138630,3
Marina Robledo Palmer,Universitario,Ahorro,Dependiente,2021-11-20,6589463,4
Alex Ruperto Espinosa Aguado,Medio,Ahorro,Cesante,2023-04-20,4797244,3
Fidel Llabrés Pellicer,Universitario,Ahorro,Dependiente,2019-08-05,5200288,1
Anselma Arnau,Universitario,Corriente,Independiente,2021-06-15,3254871,1
Cristóbal Canals-Clemente,Medio,Ahorro,Dependiente,2019-03-30,6545382,2
Néstor Pozo Palomares,Medio,Ahorro,Dependiente,2022-07-07,7952781,4
Benigno Bosch Borrell,Incompleto,Ahorro,Dependiente,2022-05-01,271102,1
Esther Lumbreras Pont,Incompleto,Corriente,Independiente,2023-07-25,13822051,4
Otilia Baquero Bartolomé,Universitario,Vista,Independiente,2020-11-23,14711014,4
Wálter Morera Casal,Incompleto,Vista,Independiente,2023-01-23,8487090,4
Primitivo Heras Llano,Universitario,Corriente,Dependiente,2022-07-27,7237152,2
Adora Santiago Escrivá,Incompleto,Vista,Cesante,2020-11-30,10466179,2
Leonardo Somoza Ferrando,Incompleto,Vista,Dependiente,2019-09-03,10817719,2
Eloy Alemany Quirós,Universitario,Ahorro,Dependiente,2020-02-25,10129904,3
Marcela Marquez-Martínez,Medio,Corriente,Independiente,2020-11-28,10518829,3
Abel Martin Alfaro,Universitario,Corriente,Cesante,2023-06-13,2471132,3
Juan Bautista Amigó Moraleda,Incompleto,Corriente,Dependiente,2022-02-17,1540633,4
Lorenza Gelabert Iglesias,Universitario,Corriente,Dependiente,2023-05-03,182788,2
Corona Garmendia Barco,Medio,Vista,Cesante,2022-07-04,7896891,2
Ale Cánovas Andrés,Medio,Corriente,Independiente,2020-05-13,532025,3
Paz Aramburu Echeverría,Medio,Corriente,Independiente,2023-01-27,3051554,4
Delfina Fabra Pomares,Universitario,Ahorro,Dependiente,2022-01-20,9912878,1
Jennifer Ferrández Álamo,Universitario,Ahorro,Cesante,2019-07-30,1865223,3
Urbano Barragán,Incompleto,Corriente,Cesante,2020-12-19,1325115,3
Sergio Serra Melero,Incompleto,Corriente,Independiente,2023-06-24,5495739,2
María Luisa Baeza Pavón,Universitario,Ahorro,Dependiente,2023-08-13,3523955,4
Bárbara Odalys Bartolomé Batalla,Incompleto,Vista,Cesante,2019-01-07,3796994,1
Marcial del Manuel,Incompleto,Vista,Independiente,2023-03-12,5342839,3
Amor Luna Gallardo,Universitario,Vista,Independiente,2022-12-01,4848635,1
Raimundo Escalona,Universitario,Corriente,Independiente,2019-01-10,8252867,3
José Manuel de Palomar,Medio,Ahorro,Cesante,2019-10-26,14193777,3
Leopoldo Sáenz Frutos,Incompleto,Vista,Independiente,2019-11-17,7378292,3
Cesar Blanco Duarte,Incompleto,Ahorro,Dependiente,2022-02-28,8638431,1
Sandalio Abella Molins,Medio,Ahorro,Independiente,2019-10-13,6956507,2
Albino Escudero Barbero,Medio,Vista,Dependiente,2021-07-10,13335064,2
Palmira Olivera Andrés,Incompleto,Corriente,Cesante,2019-06-29,109704,3
Juan Bautista Riera Córdoba,Medio,Corriente,Dependiente,2023-04-27,10014868,1
María Cristina Garrido Acosta,Medio,Vista,Dependiente,2023-06-02,11371242,3
Leonor Clemente Oliva,Universitario,Ahorro,Cesante,2021-01-30,11618230,4
Pelayo Fernández Mayoral,Incompleto,Vista,Cesante,2023-12-29,12771101,3
Teresita Carreño Vélez,Medio,Vista,Cesante,2023-02-10,14068376,1
Cecilia Montoya Cañas,Universitario,Vista,Cesante,2019-09-04,12528657,4
Seve Pou Tolosa,Medio,Ahorro,Cesante,2019-01-06,11418862,1
Aurelia Valera-Pinto,Incompleto,Vista,Dependiente,2021-05-02,12352832,4
Maximino Pomares Marin,Universitario,Corriente,Independiente,2021-01-12,14791421,3
Baudelio Company,Universitario,Corriente,Dependiente,2022-05-20,8631076,1
Abel Leal Múgica,Medio,Ahorro,Dependiente,2019-10-22,13936870,1
Victoriano Baena Hurtado,Universitario,Ahorro,Independiente,2020-09-08,9296449,2
Calisto Octavio Múñiz Borrego,Medio,Vista,Independiente,2023-03-12,8320851,3
Silvio Alcalde,Incompleto,Ahorro,Dependiente,2023-11-22,7012114,3
Graciela Garriga Campillo,Universitario,Ahorro,Independiente,2022-03-27,8477164,2
Jose Acosta Galván,Universitario,Ahorro,Independiente,2020-10-24,4408326,2
León Casanovas Bárcena,Universitario,Ahorro,Cesante,2020-10-17,2863245,1
Paco Palomares Pizarro,Universitario,Ahorro,Independiente,2020-05-10,5852369,1
Mireia Alba Lucas,Universitario,Vista,Cesante,2021-11-06,14509869,3
Feliciana Francisca Castrillo Montero,Incompleto,Corriente,Cesante,2022-01-20,10511233,2
Leoncio Arteaga-Ruano,Universitario,Vista,Dependiente,2020-12-31,4229449,4
Rafa Adelardo Pozuelo Aznar,Medio,Vista,Dependiente,2023-05-20,10277408,4
Carmina Elorza-Roselló,Universitario,Corriente,Independiente,2020-02-01,13824682,3
Dani Ricart,Universitario,Ahorro,Dependiente,2020-01-13,4219579,2
Vasco Lasa Espinosa,Universitario,Ahorro,Independiente,2022-02-20,12376652,3
Marta Fábregas,Universitario,Corriente,Cesante,2020-09-23,13673200,2
Alfonso Rosendo Morales Gallego,Universitario,Vista,Dependiente,2020-10-17,6318731,4
Cloe Lorenzo Ruano,Incompleto,Corriente,Independiente,2020-09-02,2475015,3
Ofelia Hernández Viana,Medio,Corriente,Dependiente,2023-10-02,14642542,4
Roque Mir Amat,Incompleto,Corriente,Independiente,2021-10-10,9142251,2
Carmela Bartolomé Jimenez,Universitario,Corriente,Independiente,2022-09-02,13218211,4
Maximiliano Corral Campos,Universitario,Corriente,Dependiente,2019-04-02,2246664,2
Arturo Benet Torrent,Medio,Corriente,Independiente,2019-05-25,14323939,3
Gilberto Iglesia Sevillano,Incompleto,Ahorro,Independiente,2021-12-14,10906767,3
Timoteo Vélez Martin,Universitario,Ahorro,Independiente,2023-08-25,10763988,4
Jordana de Palmer,Incompleto,Corriente,Dependiente,2019-08-04,5976863,4
Osvaldo Gras Jiménez,Incompleto,Ahorro,Cesante,2021-11-09,1882587,3
Xavier Crespo Cazorla,Universitario,Vista,Independiente,2021-01-30,13496819,1
Priscila Bertrán Portero,Medio,Corriente,Independiente,2021-02-28,8688921,2
Norberto Iborra Ramírez,Incompleto,Vista,Cesante,2023-08-24,6305457,1
Héctor Gracia Toro,Medio,Corriente,Cesante,2020-10-31,3871404,2
Eutropio Pedro Perez Bermudez,Incompleto,Ahorro,Dependiente,2020-08-09,2902638,3
Tristán Borrego Trillo,Incompleto,Corriente,Dependiente,2023-02-21,3602026,2
Leandro Ferreras,Universitario,Corriente,Dependiente,2020-04-15,7275857,3
Natalio Leiva Bayón,Medio,Ahorro,Dependiente,2019-10-14,5111883,1
Angelita Carpio Carrasco,Medio,Ahorro,Dependiente,2022-11-29,8169145,4
Gertrudis Benitez Casals,Universitario,Vista,Dependiente,2022-08-13,7566666,2
Sebastian Domingo Corbacho,Medio,Vista,Cesante,2022-09-27,11065347,2
Tamara del Alcolea,Medio,Ahorro,Dependiente,2021-10-22,10540990,4
Pepita Aguado-Costa,Medio,Vista,Cesante,2022-08-24,12163280,4
María Fernanda Andrade Alcaraz,Medio,Ahorro,Cesante,2023-04-18,8892471,3
Noé Segismundo Vilalta Ramirez,Medio,Vista,Dependiente,2022-11-03,1413935,3
Carlos Alcázar,Medio,Vista,Independiente,2021-07-26,7256496,3
Simón Mariscal Benavente,Universitario,Ahorro,Dependiente,2019-12-10,14117843,1
Palmira Armengol-Mena,Medio,Corriente,Cesante,2021-08-28,5770872,1
Jose Antonio Cáceres Benito,Universitario,Corriente,Cesante,2019-05-17,14522419,3
Abigaíl Méndez Cid,Universitario,Vista,Cesante,2021-03-16,7380815,2
Tomasa Borrás-Riera,Incompleto,Vista,Dependiente,2021-01-28,10748625,4
Ruy Abella-Fiol,Incompleto,Ahorro,Independiente,2021-01-20,1458495,3
Anastasio Andreu Acuña,Incompleto,Corriente,Dependiente,2022-01-05,10335802,1
Fidela Natalia Ribas Campo,Medio,Vista,Dependiente,2021-07-30,4982590,4
Edmundo Arrieta Macias,Incompleto,Vista,Cesante,2022-04-15,6595187,4
Angélica Saez Bauzà,Incompleto,Vista,Cesante,2022-02-02,13894168,1
Maite Camila Pérez Briones,Universitario,Vista,Dependiente,2020-10-01,1977775,3
Claudio Palma Garzón,Incompleto,Corriente,Dependiente,2020-11-06,2465340,2
María Fernanda Pellicer Porras,Universitario,Vista,Independiente,2023-03-13,7534144,3
Feliciana Almudena Cano Rovira,Incompleto,Corriente,Cesante,2023-12-03,7128853,4
Abraham Quevedo Coronado,Incompleto,Ahorro,Cesante,2021-12-29,4039210,1
Lidia Guardia Suarez,Universitario,Ahorro,Cesante,2022-09-18,5443497,1
Bartolomé Torrent Sierra,Incompleto,Ahorro,Cesante,2023-10-06,12016367,2
Desiderio de Alemany,Medio,Vista,Independiente,2021-07-19,5542883,2
Priscila María Pilar Ugarte Torrents,Incompleto,Vista,Cesante,2022-08-01,14119200,1
Inocencio del Moliner,Incompleto,Vista,Cesante,2023-04-08,13527442,4
Marcelino Mateos Rey,Universitario,Vista,Dependiente,2021-05-16,8496952,2
Ana Belén Angulo Acuña,Medio,Corriente,Cesante,2019-02-02,656400,3
Sancho Mena Rubio,Universitario,Vista,Independiente,2021-05-14,3217403,1
Juan Antonio de Pulido,Universitario,Vista,Cesante,2022-01-01,7877422,2
Magdalena Osuna Canet,Universitario,Ahorro,Dependiente,2023-06-04,858060,4
Judith del Marti,Universitario,Ahorro,Independiente,2020-01-25,5694097,3
Jordana de Díaz,Incompleto,Ahorro,Cesante,2022-03-09,12759534,4
Curro Narváez Carnero,Incompleto,Corriente,Independiente,2020-12-04,553710,1
Evelia Iborra Colom,Incompleto,Corriente,Cesante,2023-12-09,3497202,4
Teodosio Navas Prats,Universitario,Corriente,Cesante,2019-10-18,10516073,2
Morena Dalmau Castell,Incompleto,Ahorro,Dependiente,2022-10-02,5229721,3
Bautista Campo Marin,Universitario,Corriente,Independiente,2022-07-29,1161243,2
Lidia Pepita Rosa Serrano,Medio,Vista,Dependiente,2023-11-25,8692810,3
Edgardo Teruel Jaume,Universitario,Ahorro,Dependiente,2022-10-11,9447493,2
Ascensión del Somoza,Medio,Corriente,Dependiente,2019-01-16,10401802,2
Heliodoro Salcedo Roca,Medio,Ahorro,Cesante,2020-04-18,13590374,2
Isa Leon Puig,Incompleto,Corriente,Dependiente,2021-03-26,10663184,4
Raimundo Peinado Carrión,Medio,Corriente,Cesante,2023-09-19,2762218,2
Perla Pol-Mosquera,Medio,Vista,Independiente,2022-08-15,4464472,4
Chus Tormo Gomis,Medio,Ahorro,Independiente,2022-11-26,12393058,4
Luz Castilla Ayuso,Universitario,Vista,Independiente,2023-06-13,14417553,2
Roxana Mar Torrents Pozo,Universitario,Corriente,Dependiente,2020-01-15,11769027,3
Juanito Silva Robles,Incompleto,Vista,Cesante,2020-10-22,6994669,4
Amelia Arnaiz Gallart,Medio,Ahorro,Dependiente,2021-08-19,6818755,3
Anita Amador,Medio,Corriente,Dependiente,2019-06-04,10803163,4
Ester de Anaya,Incompleto,Ahorro,Dependiente,2020-05-30,7089298,1
Óscar Juan Manuel Goñi Alberto,Universitario,Ahorro,Cesante,2021-01-12,7820116,1
Marciano Pastor Barragán,Universitario,Corriente,Cesante,2022-08-23,9568019,4
Nydia Amigó,Medio,Corriente,Cesante,2023-03-18,8336549,3
Isabela Palomares Porta,Universitario,Ahorro,Independiente,2021-05-09,13738975,2
Anabel Viana Mendez,Medio,Vista,Independiente,2021-03-07,1464402,3
Humberto Calixto Paniagua Valentín,Universitario,Vista,Dependiente,2020-11-19,7706229,3
Carmen Andres Zabaleta,Universitario,Vista,Dependiente,2023-04-28,4602075,4
Maxi Montes-Revilla,Medio,Corriente,Cesante,2019-02-27,6859295,3
Rafael del Ropero,Universitario,Corriente,Cesante,2022-10-28,6616552,1
Fernanda del Galan,Medio,Corriente,Independiente,2022-05-02,11294540,4
Leonel Aguado Robles,Medio,Corriente,Dependiente,2020-08-11,4928005,4
Chus del Echeverría,Incompleto,Ahorro,Independiente,2019-05-07,3157055,4
Alejandra del Coronado,Medio,Corriente,Dependiente,2023-06-21,5581510,1
Anselma Villa Lastra,Incompleto,Corriente,Independiente,2021-08-20,3617952,2
Isabel Molina Gibert,Incompleto,Vista,Independiente,2022-05-06,4137579,1
Abril Alba-Verdejo,Incompleto,Ahorro,Independiente,2020-09-13,618924,2
José Ángel Iniesta Zabaleta,Incompleto,Corriente,Cesante,2023-06-06,9016919,4
Juan Carlos Vidal Gomila,Universitario,Vista,Cesante,2022-05-30,6602153,1
María Cabeza Posada,Universitario,Ahorro,Cesante,2023-10-14,7986021,3
Che Porcel-Sevillano,Medio,Vista,Cesante,2022-02-14,12412220,2
Modesta García Chico,Medio,Vista,Independiente,2022-11-26,3819664,3
Manuelita Espinosa Bou,Incompleto,Ahorro,Cesante,2021-10-09,13508069,4
Silvia Ricart Amador,Universitario,Ahorro,Independiente,2020-07-06,6454296,2
Pepita Palacios-Bastida,Universitario,Corriente,Dependiente,2023-01-09,6694930,4
Lorenzo del Pardo,Universitario,Corriente,Independiente,2021-10-24,13453232,1
Bernardo Campillo Crespi,Universitario,Ahorro,Independiente,2023-03-16,4852365,3
Faustino Mercader Costa,Incompleto,Ahorro,Dependiente,2022-11-22,5316732,3
Pancho del Bilbao,Incompleto,Corriente,Cesante,2019-09-17,1311827,3
Griselda Crespi Roselló,Universitario,Ahorro,Dependiente,2022-10-30,5728624,1
Remedios Valero Cantón,Medio,Corriente,Dependiente,2019-02-05,1617399,2
Julio Gaya-Roda,Incompleto,Vista,Independiente,2020-08-23,573918,4
Leocadio Codina Viñas,Medio,Corriente,Independiente,2022-07-05,4238572,2
Agustina Sebastián Gallart,Universitario,Ahorro,Cesante,2022-03-11,3580525,1
Andrea Meléndez-Manzanares,Incompleto,Ahorro,Dependiente,2020-10-14,4702224,3
Adoración Murcia Pablo,Medio,Vista,Independiente,2023-08-24,12305215,4
Maxi Salcedo Vaquero,Incompleto,Ahorro,Cesante,2021-05-08,6839828,4
Blas Guardia Amorós,Universitario,Vista,Cesante,2022-05-28,7606161,2
Alba Domitila Peñas Mármol,Medio,Vista,Cesante,2020-09-14,4902845,2
Dionisio Llano Raya,Universitario,Corriente,Independiente,2023-04-04,682556,3
Francisca del Gimenez,Incompleto,Corriente,Cesante,2020-10-18,12177550,3
Felix Tejada Riquelme,Incompleto,Ahorro,Dependiente,2020-09-23,9807905,3
Rodolfo Jerez Aguado,Medio,Corriente,Dependiente,2021-11-22,6700065,1
Charo Pujol Múgica,Medio,Ahorro,Dependiente,2020-11-22,13774377,3
Pía Trinidad Rubio Guardia,Medio,Ahorro,Dependiente,2021-08-08,3118525,3
Felicidad Perea-Doménech,Universitario,Vista,Cesante,2022-01-21,7945797,4
Eutropio Conesa Frías,Incompleto,Vista,Dependiente,2023-11-10,943170,4
Leocadio del Mayo,Medio,Vista,Independiente,2021-09-18,8066203,1
Benigno Morell Tur,Medio,Ahorro,Independiente,2021-07-16,473831,2
Valentín Durán Fábregas,Universitario,Corriente,Independiente,2023-09-05,7278132,3
Gerardo Menéndez Vigil,Universitario,Vista,Independiente,2023-04-22,10683760,3
Godofredo Reinaldo Martínez Amorós,Universitario,Vista,Cesante,2022-06-25,10500165,3
Nazaret Mas Maza,Incompleto,Corriente,Cesante,2023-06-07,5123720,2
Telmo Gabriel Becerra Montes,Medio,Ahorro,Independiente,2020-02-04,12940231,4
Belen Vazquez Baeza,Incompleto,Corriente,Cesante,2020-01-27,11678656,4
Enrique Pedraza Iglesia,Incompleto,Corriente,Cesante,2023-02-14,1465758,4
Marcela Bustamante Zorrilla,Universitario,Corriente,Dependiente,2020-08-06,6093329,4
Fernando Ferrández Dueñas,Medio,Vista,Cesante,2021-06-30,7364554,4
Ramona Llamas,Incompleto,Corriente,Cesante,2020-12-12,14874302,4
Sosimo Millán Hidalgo,Medio,Vista,Independiente,2023-07-01,1523511,2
Malena Naranjo,Incompleto,Ahorro,Independiente,2019-12-13,9443993,1
Loida Mesa Ribera,Incompleto,Corriente,Dependiente,2019-05-06,2394316,4
Teo Cámara Roma,Universitario,Ahorro,Cesante,2020-08-18,10329997,3
Lupe de Bilbao,Universitario,Ahorro,Independiente,2020-05-10,5133753,3
Luis Miguel Rivero-Rojas,Incompleto,Corriente,Independiente,2023-08-25,2707573,1
Ezequiel Gabriel Arrieta Andrade,Universitario,Ahorro,Independiente,2020-08-04,11489016,2
Nicolás Valenzuela,Incompleto,Corriente,Independiente,2020-03-06,13165487,4
Martin Alcalde-Bernal,Universitario,Ahorro,Cesante,2020-12-11,14589540,3
Andrea de Chacón,Medio,Corriente,Independiente,2021-07-13,5441942,4
Pancho Moll Bertrán,Incompleto,Vista,Independiente,2022-04-09,8911448,3
Silvestre Trillo Doménech,Universitario,Corriente,Independiente,2020-04-16,11846775,4
Jovita Montesinos-Juárez,Universitario,Vista,Independiente,2023-01-16,11788404,2
Lourdes Esparza Cabanillas,Incompleto,Ahorro,Cesante,2021-06-08,8375144,2
Soledad del Barriga,Medio,Corriente,Cesante,2019-06-17,11706543,4
Josefa Fanny Mayoral Francisco,Universitario,Ahorro,Cesante,2021-06-22,4554647,4
Victor Piñeiro Pina,Incompleto,Ahorro,Independiente,2022-02-16,9943708,3
Ignacio del Menéndez,Incompleto,Corriente,Dependiente,2022-12-13,9746728,4
Guiomar Zabaleta Carballo,Universitario,Ahorro,Independiente,2020-01-27,13602139,1
Carla Pomares Sarabia,Medio,Vista,Independiente,2019-12-20,573207,2
María Jordana Padilla Ariño,Universitario,Corriente,Cesante,2019-10-10,8597119,3
Venceslás Portillo,Medio,Ahorro,Dependiente,2021-03-29,3331879,4
Federico Abraham Montserrat Fernández,Incompleto,Corriente,Cesante,2019-12-10,7362294,4
Joaquina Trillo,Incompleto,Vista,Dependiente,2022-06-02,4395722,4
Mohamed Vergara Galván,Universitario,Vista,Dependiente,2019-05-17,2244214,3
Poncio Julián Sanz,Universitario,Vista,Cesante,2021-04-05,10293427,1
Carla del Alvarez,Incompleto,Vista,Dependiente,2021-01-09,2093583,2
Leonel Marino Hidalgo Gelabert,Medio,Corriente,Cesante,2022-05-11,10663382,3
Alex Pombo Bayo,Universitario,Corriente,Cesante,2019-07-06,9810731,1
Lupe Viñas Garriga,Incompleto,Ahorro,Dependiente,2021-04-23,6318471,1
Carolina Machado-Mosquera,Universitario,Ahorro,Cesante,2023-03-05,1266166,3
Pío de Gámez,Universitario,Corriente,Independiente,2021-05-15,11854583,4
Carlos Mulet Arteaga,Medio,Ahorro,Dependiente,2022-06-29,2039620,1
Aurora Roman Bejarano,Universitario,Ahorro,Cesante,2019-11-11,7835927,3
Iván Joaquín Espada Vallés,Medio,Ahorro,Independiente,2020-01-09,14079603,2
Baltasar Marciano Roman Arteaga,Universitario,Corriente,Cesante,2021-04-14,2681309,1
Eustaquio Cepeda Tamarit,Medio,Corriente,Independiente,2021-05-18,955857,1
Urbano Villar Lobo,Universitario,Corriente,Dependiente,2023-04-21,11981974,3
Celestino de Salcedo,Universitario,Corriente,Dependiente,2019-01-30,2171019,1
Jovita Caballero Romeu,Medio,Ahorro,Dependiente,2021-08-22,3555909,1
Lourdes de Atienza,Medio,Vista,Independiente,2022-05-14,4902067,1
Rolando Aguiló Ferrando,Universitario,Ahorro,Independiente,2020-08-26,4348351,2
Celia Alvarez-Feliu,Incompleto,Ahorro,Cesante,2023-08-28,5250520,1
Tristán Santamaria España,Incompleto,Vista,Dependiente,2019-07-11,8723057,1
Tatiana del Bernal,Medio,Vista,Dependiente,2020-04-22,14835574,1
Dolores Calatayud Piquer,Medio,Ahorro,Independiente,2020-04-02,5926565,4
Domingo Garzón Arce,Medio,Ahorro,Cesante,2023-08-05,5162404,1
Jeremías del Ledesma,Incompleto,Vista,Cesante,2023-11-05,7745513,4
Estela Fabra Rovira,Universitario,Corriente,Cesante,2020-04-11,4442439,1
Consuela Ruperta Mármol Coll,Medio,Ahorro,Independiente,2022-01-23,7895158,1
Simón Neira,Medio,Corriente,Independiente,2021-01-26,12969634,1
Sergio del Mariscal,Universitario,Corriente,Independiente,2023-08-29,3327255,4
Pelayo Rodriguez Llorens,Universitario,Ahorro,Dependiente,2019-12-28,6361330,4
Eliana Avilés Marin,Medio,Ahorro,Cesante,2022-02-23,9390922,4
Irene Imelda Ugarte Boix,Medio,Vista,Independiente,2021-07-22,859759,2
Vicenta Porcel Aguilar,Medio,Vista,Cesante,2020-03-13,8127322,2
Eliseo Arenas Arce,Universitario,Ahorro,Cesante,2020-03-16,11237848,2
Simón Quero Pavón,Incompleto,Ahorro,Cesante,2022-03-06,945809,2
Che Molina,Incompleto,Vista,Cesante,2020-05-14,6128636,3
Gracia del Bayona,Medio,Corriente,Cesante,2021-03-02,11097232,1
Nazario Pablo Martín,Incompleto,Ahorro,Dependiente,2022-10-05,8658434,4
Ernesto Vergara-Barranco,Medio,Vista,Cesante,2022-05-11,3636448,1
Flavia Julián-Pinedo,Medio,Corriente,Independiente,2022-06-28,2787114,4
Rosaura Palomino,Medio,Vista,Cesante,2019-11-20,7524790,3
Valentina Espinosa Busquets,Incompleto,Ahorro,Independiente,2022-03-02,8427988,1
Gloria Hernández Revilla,Incompleto,Ahorro,Dependiente,2023-08-04,8867951,4
Anastasia Cabello Cuéllar,Incompleto,Ahorro,Cesante,2022-12-19,10845011,3
Epifanio Gonzalo,Medio,Ahorro,Dependiente,2020-10-29,4023889,2
Lupe Daniel Roura Prado,Medio,Corriente,Dependiente,2023-11-04,13288412,4
Bienvenida Teresita Bolaños Nicolás,Universitario,Vista,Dependiente,2021-07-03,6645830,4
Josué Jerez Barranco,Universitario,Ahorro,Dependiente,2022-02-18,3023581,4
Julie Domitila Ramirez Grau,Universitario,Ahorro,Independiente,2019-04-10,6740428,3
Berta del Pellicer,Medio,Vista,Independiente,2019-02-19,8469233,2
Pedro Vera,Incompleto,Vista,Dependiente,2022-05-07,6282952,2
Chuy Pina Torre,Incompleto,Vista,Independiente,2019-10-29,7132312,4
María Marín,Universitario,Corriente,Independiente,2021-06-13,3858307,2
Ángel Aragón-Nuñez,Universitario,Corriente,Independiente,2019-11-06,11271300,1
Belen Navarrete Andrés,Incompleto,Corriente,Dependiente,2019-01-13,51662,1
Josué Carpio,Universitario,Corriente,Dependiente,2021-06-10,3860258,1
Edelmira Teruel Vara,Medio,Corriente,Dependiente,2020-09-07,1420023,4
Emma Lloret Cueto,Incompleto,Ahorro,Independiente,2022-05-01,8709700,2
Sigfrido Mur Blanes,Medio,Ahorro,Cesante,2023-10-06,14368221,3
Candelario del Pera,Medio,Ahorro,Independiente,2021-10-19,5963640,4
Aroa Vega Gomez,Incompleto,Vista,Cesante,2023-10-21,7644127,1
Mireia Iniesta Morante,Medio,Corriente,Independiente,2021-08-30,3829874,4
Narciso Tamarit,Incompleto,Vista,Cesante,2023-10-12,3767055,4
Ana Belén del Vallés,Incompleto,Corriente,Independiente,2022-12-14,3087519,2
Rosalva Ponce Elorza,Universitario,Corriente,Dependiente,2020-04-07,11607339,4
Martín Pla Alegria,Medio,Vista,Independiente,2023-03-02,10179896,3
Fernanda Villa-Perales,Universitario,Ahorro,Independiente,2022-12-18,14245456,1
Coral Daza Frutos,Universitario,Corriente,Cesante,2020-04-05,5099902,2
Adelardo Larrea Trillo,Medio,Corriente,Cesante,2022-12-30,8704834,3
Bautista Paz Amaya,Medio,Vista,Independiente,2021-06-03,14182559,3
Itziar Fabra Fuente,Universitario,Corriente,Dependiente,2019-06-21,10908203,4
Dominga de Lledó,Incompleto,Corriente,Dependiente,2020-06-30,13021629,1
Fortunata Barriga Ojeda,Incompleto,Vista,Cesante,2022-06-03,5967300,2
Custodia Ruano Martín,Incompleto,Vista,Dependiente,2023-08-25,4536570,4
Angelino Sebastián Pagès,Incompleto,Corriente,Cesante,2020-10-06,7848258,3
Benita Amaya Cruz,Medio,Corriente,Cesante,2023-12-16,2120628,3
Vasco Bautista-Rey,Universitario,Ahorro,Dependiente,2021-10-20,14611208,2
Leire Comas Martinez,Incompleto,Corriente,Cesante,2022-02-11,14180075,1
Isabela Abad Alonso,Incompleto,Vista,Dependiente,2023-02-13,6215374,1
Daniela Rosales-Mata,Incompleto,Corriente,Cesante,2021-01-17,6447982,4
Baudelio Corbacho Blazquez,Incompleto,Ahorro,Cesante,2022-06-19,14372718,1
Bienvenida Aller Ortuño,Medio,Ahorro,Cesante,2020-01-21,725932,2
René Duran Barberá,Medio,Ahorro,Cesante,2021-06-29,10014709,3
Edmundo Pujadas Galan,Medio,Corriente,Cesante,2023-02-25,6783864,4
Alma Bellido Bayo,Medio,Vista,Dependiente,2023-10-14,9043716,1
Marciano Anaya Escudero,Incompleto,Corriente,Independiente,2019-06-03,3609327,2
José Ángel del Roldan,Universitario,Corriente,Dependiente,2020-02-25,10141489,2
Ofelia Belmonte Mercader,Incompleto,Ahorro,Dependiente,2023-04-24,6317891,3
Leocadia Capdevila-Tejero,Medio,Vista,Cesante,2021-09-24,12963254,1
Virginia Jovita Tomé Perelló,Medio,Ahorro,Cesante,2022-12-08,4690999,2
Ana Belén de Alberdi,Medio,Corriente,Cesante,2023-09-18,14252987,4
Eloísa Solano Yáñez,Universitario,Corriente,Independiente,2021-07-14,5380727,2
María Carmen Badía Verdugo,Universitario,Corriente,Independiente,2019-07-11,12128028,3
Cayetana Jover Bayón,Incompleto,Corriente,Dependiente,2020-09-23,5736227,1
Germán Luna Palacios,Medio,Vista,Dependiente,2021-02-26,5139641,3
Samanta Morera Manuel,Medio,Ahorro,Dependiente,2020-01-16,14443579,3
Marianela Miguela Mayol Sarmiento,Medio,Ahorro,Independiente,2019-11-11,5167142,4
Daniela de Uribe,Medio,Corriente,Cesante,2019-05-24,1839261,2
María Ángeles Quero Tejera,Incompleto,Vista,Dependiente,2021-07-27,1322246,3
Martirio Lumbreras Sevillano,Incompleto,Corriente,Independiente,2022-07-07,13787746,4
Crescencia Ruiz Valverde,Medio,Corriente,Independiente,2023-07-10,927328,4
Paulina Corral-Asenjo,Incompleto,Corriente,Dependiente,2022-04-22,1110104,2
Paca Armas Sainz,Universitario,Vista,Cesante,2020-11-13,7540056,1
Bibiana Rafaela Díez Conesa,Universitario,Vista,Cesante,2022-09-20,11267780,1
Raúl Herrera Soler,Incompleto,Corriente,Dependiente,2019-04-21,14310377,3
Teodosio Erasmo Sabater Vendrell,Incompleto,Vista,Independiente,2020-01-18,7687798,2
Flora Vergara Viana,Medio,Ahorro,Independiente,2023-12-04,8668918,2
Emiliano Leon Campos,Universitario,Ahorro,Dependiente,2023-12-22,8965511,1
Eva María Pedro Díez,Medio,Corriente,Dependiente,2022-10-31,10485068,3
Sara Benito Duran,Universitario,Vista,Dependiente,2021-11-26,2913749,1
Juanito Franco-Mendoza,Universitario,Vista,Independiente,2020-06-10,6937990,4
Sarita Mateu,Universitario,Ahorro,Independiente,2019-10-28,7697014,2
Augusto Crespi Ródenas,Medio,Vista,Dependiente,2021-12-07,9093631,4
Armando Haro,Universitario,Ahorro,Independiente,2023-11-16,3545469,1
Mateo del Maldonado,Universitario,Corriente,Independiente,2020-02-03,5769618,4
Eligia Fernandez Rovira,Universitario,Ahorro,Independiente,2022-06-03,11171041,3
Tiburcio Peñalver Villena,Medio,Vista,Independiente,2022-02-25,2322265,2
María Dolores Echevarría Mulet,Universitario,Corriente,Dependiente,2022-09-24,9742972,1
Jose Francisco Higueras Viana,Medio,Vista,Independiente,2023-09-05,12059218,3
Raimundo Cervantes-Marquez,Medio,Ahorro,Dependiente,2021-01-07,13783176,3
Loida Alberto Giner,Universitario,Corriente,Dependiente,2019-03-25,11267959,4
Nidia Morcillo,Incompleto,Corriente,Independiente,2023-10-12,1798023,4
Graciana Luján Arana,Universitario,Corriente,Independiente,2019-09-24,9835586,4
Ana Sofía Anglada-Perera,Medio,Vista,Cesante,2023-12-30,3876317,1
Sonia Casado,Incompleto,Corriente,Dependiente,2020-10-19,4965308,4
Florinda Mosquera-Viana,Universitario,Ahorro,Cesante,2023-12-09,1149283,3
Luis Miguel Soler Ibañez,Incompleto,Corriente,Dependiente,2021-03-30,13522099,4
Herminia Gonzalez Arribas,Universitario,Ahorro,Cesante,2021-09-10,33545,3
Marta Carbajo-Fuertes,Incompleto,Corriente,Cesante,2022-01-10,7767183,2
Olga Fábregas Escudero,Incompleto,Corriente,Dependiente,2023-12-05,5891324,3
Prudencia Gomila Poza,Incompleto,Ahorro,Independiente,2023-07-03,7799348,2
Elena Folch Sala,Universitario,Vista,Independiente,2023-06-24,10733508,3
Valeria Rubio,Incompleto,Corriente,Dependiente,2020-03-23,7036849,3
Salomón de Navas,Incompleto,Vista,Cesante,2023-04-29,10491613,1
Kike Avilés,Medio,Vista,Independiente,2019-07-04,575907,1
Bibiana Dolores Méndez Pera,Incompleto,Ahorro,Dependiente,2023-10-03,2846532,3
Fortunata Pinilla,Medio,Corriente,Dependiente,2020-04-03,2755697,2
Lupita Hoz Olivares,Incompleto,Corriente,Independiente,2020-08-22,9678335,3
Eugenia Fuster Castelló,Medio,Corriente,Cesante,2023-08-01,11077201,4
Cruz Susana Larrea Ferrándiz,Universitario,Corriente,Independiente,2020-12-08,2586659,4
Gonzalo Carranza Crespo,Universitario,Vista,Independiente,2019-09-30,5482507,2
Nicanor Posada,Universitario,Ahorro,Dependiente,2022-05-31,1503426,4
Ale Lumbreras,Incompleto,Corriente,Dependiente,2020-10-06,6647393,1
Candelario Morante,Universitario,Vista,Dependiente,2023-06-11,11892921,3
Amelia Mas Ureña,Incompleto,Vista,Independiente,2019-04-21,7191659,4
Cornelio Oliver Casares,Universitario,Corriente,Cesante,2022-12-30,11618224,1
Eva Pol Alcántara,Medio,Ahorro,Dependiente,2022-12-03,13889255,4
Angelita Díaz Benavides,Universitario,Corriente,Cesante,2019-10-19,3046643,1
Eligia Clavero Sosa,Incompleto,Vista,Dependiente,2022-03-22,5384422,1
Kike Rocha Pablo,Medio,Corriente,Independiente,2019-08-10,4188002,1
Esmeralda Cordero Nieto,Medio,Corriente,Independiente,2022-10-18,2655348,1
Lola Rovira Fuente,Incompleto,Vista,Cesante,2019-03-07,14389394,4
Aurora Pili Izaguirre Núñez,Incompleto,Corriente,Cesante,2022-09-06,1881581,2
Celestina Villa-Tejada,Medio,Corriente,Dependiente,2019-11-06,9438595,1
Elba Felisa Andrés Capdevila,Medio,Corriente,Independiente,2023-05-26,14993062,2
Valeria Serafina Lobato Romero,Medio,Vista,Dependiente,2020-07-26,3896883,1
Leyre Pineda Cuesta,Medio,Corriente,Dependiente,2020-10-26,4057185,2
Tamara Uriarte Moll,Medio,Vista,Dependiente,2019-06-05,14873284,1
Chita Quevedo Valera,Medio,Corriente,Cesante,2020-03-09,13897394,4
Narcisa Amigó Mesa,Incompleto,Corriente,Independiente,2019-07-21,2739762,2
Roberto Juárez Amat,Universitario,Ahorro,Cesante,2022-06-02,3895532,3
María Del Carmen María Dolores Giner Ramos,Medio,Corriente,Cesante,2019-06-08,3829027,4
Adriana Ricart,Incompleto,Corriente,Dependiente,2019-03-20,9273141,3
Martina de Ramirez,Medio,Ahorro,Cesante,2019-03-26,7850978,3
Lupe Caparrós Vigil,Medio,Corriente,Independiente,2019-06-22,12684476,1
Julie Campos Higueras,Universitario,Corriente,Independiente,2023-05-17,8264086,3
Gil Baena Urrutia,Universitario,Vista,Independiente,2019-11-12,14931805,3
Marianela de Contreras,Incompleto,Vista,Cesante,2022-05-20,7651125,1
Matías de Campo,Incompleto,Vista,Independiente,2020-03-07,5780677,4
Aitor Carnero,Incompleto,Vista,Dependiente,2020-08-08,4692198,4
Inocencio Barros Carrillo,Medio,Corriente,Dependiente,2019-03-14,612516,4
Mar Hurtado Batalla,Incompleto,Corriente,Independiente,2023-10-16,8228504,1
Roberta Bernardita Saldaña Barragán,Universitario,Vista,Independiente,2021-02-20,12583119,2
Irma Orozco Estrada,Medio,Vista,Dependiente,2019-10-02,11651161,1
Reyes Fuentes-Prats,Medio,Corriente,Dependiente,2021-05-09,1862028,2
Berto Sevillano Escobar,Universitario,Corriente,Cesante,2021-08-12,10661385,2
Valerio González Cazorla,Incompleto,Ahorro,Independiente,2023-12-23,6953978,2
Elías del Martinez,Medio,Vista,Cesante,2019-06-09,13730648,1
Domingo Cipriano Cabello Quirós,Universitario,Ahorro,Cesante,2022-07-27,4141554,3
Guadalupe Lobo Chacón,Medio,Ahorro,Cesante,2023-08-29,4326337,4
Encarna Galvez-Méndez,Incompleto,Ahorro,Dependiente,2019-10-18,3463281,1
Jesusa Olmo,Medio,Corriente,Cesante,2022-05-26,8922174,3
Silvia Rodríguez Beltran,Medio,Vista,Independiente,2019-06-05,13628214,2
Gil Francisco Bilbao,Incompleto,Corriente,Dependiente,2020-06-01,1822961,2
Laura López-Gonzalez,Universitario,Ahorro,Cesante,2019-04-02,7605802,3
Mateo Figueroa Cases,Incompleto,Corriente,Cesante,2019-05-12,14853052,2
Aurora Narcisa Nadal Grau,Medio,Vista,Independiente,2022-04-02,5660389,4
Valero Ferrer Noguera,Incompleto,Corriente,Independiente,2023-11-19,8554355,3
Glauco Blazquez Salazar,Incompleto,Vista,Cesante,2021-07-25,8200294,3
Eleuterio Tapia Verdú,Incompleto,Vista,Cesante,2020-01-27,8604094,4
Moreno Rodríguez Saez,Incompleto,Corriente,Cesante,2022-02-28,1560935,4
Javi Peláez,Medio,Ahorro,Cesante,2023-12-08,14043745,3
Leonor Valenzuela Molina,Incompleto,Vista,Independiente,2023-01-08,8666518,3
Perla Palacio Farré,Medio,Corriente,Dependiente,2021-10-28,6111012,3
Amaro de Galindo,Incompleto,Corriente,Dependiente,2019-09-06,6329165,3
Maximiano Amor Roselló,Medio,Vista,Independiente,2022-04-21,5263291,3
Graciano Arrieta Amador,Medio,Ahorro,Cesante,2019-12-29,8693551,4
Amílcar Valverde Escalona,Incompleto,Corriente,Cesante,2023-09-25,5836097,1
